Workbook

Sheet All_Stats
A1: CID | B1: Month | C1: Status | D1: DPO ID | E1: Category | F1: Goal | G1: Delivered | H1: Accepted | I1: Rejected | J1: Returned | K1: Pending | L1: Pending QA | M1: Left | N1: Unallocated | O1: Left to generate | P1: Campaign Type
A2: DC58772 | B2: Overall | C2: Live | D2: T1 | E2: AG | F2: 5 | G2: 12 | H2: 0 | I2: 4 | J2: 1 | K2: 7 | L2: 4 | M2: 5 | P2: Appointment Setting
A3: DC30001 | B3: Overall | C3: Live | D3: Total | E3: AG | F3: 5 | G3: 12 | H3: 0 | I3: 4 | J3: 1 | K3: 7 | L3: 4 | M3: 5 | N3: 0 | O3: 5 | P3: Appointment Setting
A4: DC30002 | B4: 45294.292 | C4: Live | D4: T1 | E4: AG | G4: 0 | H4: 0 | I4: 0 | J4: 0 | K4: 0 | L4: 0 | P4: Appointment Setting
A5: DC30003 | B5: 45323.292 | C5: Live | D5: T1 | E5: AG | G5: 9 | H5: 0 | I5: 4 | J5: 1 | K5: 4 | L5: 1 | P5: Appointment Setting
A6: DC30004 | B6: Overall | C6: Live | D6: T1 | E6: US | F6: 20 | G6: 5 | H6: 0 | I6: 1 | J6: 0 | K6: 4 | L6: 0 | M6: 20 | P6: Appointment Setting
A7: DC30005 | B7: Overall | C7: Live | D7: Total | E7: US | F7: 20 | G7: 5 | H7: 0 | I7: 1 | J7: 0 | K7: 4 | L7: 0 | M7: 20 | N7: 0 | O7: 20 | P7: Appointment Setting
A8: DC30006 | B8: Overall | C8: Live | D8: V4 | E8: ANZ | F8: 4 | G8: 0 | H8: 0 | I8: 0 | J8: 0 | K8: 0 | L8: 0 | M8: 4 | P8: Appointment Setting
A9: DC30007 | B9: Overall | C9: Live | D9: V38 | E9: ANZ | F9: 4 | G9: 4 | H9: 0 | I9: 1 | J9: 3 | K9: 0 | L9: 0 | M9: 4 | P9: Appointment Setting
A10: DC30008 | B10: Overall | C10: Live | D10: T1 | E10: ANZ | F10: 4 | G10: 6 | H10: 0 | I10: 1 | J10: 4 | K10: 1 | L10: 0 | M10: 4 | P10: Appointment Setting
A11: DC30009 | B11: Overall | C11: Live | D11: Total | E11: ANZ | F11: 4 | G11: 10 | H11: 0 | I11: 2 | J11: 7 | K11: 1 | L11: 0 | M11: 4 | N11: -8 | O11: 4 | P11: Appointment Setting
A12: DC30010 | B12: 45171.292 | C12: Live | D12: V38 | E12: ANZ | G12: 2 | H12: 0 | I12: 0 | J12: 2 | K12: 0 | L12: 0 | P12: Appointment Setting
A13: DC30011 | B13: 45172.292 | C13: Live | D13: T1 | E13: ANZ | G13: 0 | H13: 0 | I13: 0 | J13: 0 | K13: 0 | L13: 0 | P13: Appointment Setting
A14: DC30012 | B14: 45201.292 | C14: Live | D14: V38 | E14: ANZ | G14: 1 | H14: 0 | I14: 1 | J14: 0 | K14: 0 | L14: 0 | P14: Appointment Setting
A15: DC30013 | B15: 45202.292 | C15: Live | D15: T1 | E15: ANZ | G15: 1 | H15: 0 | I15: 1 | J15: 0 | K15: 0 | L15: 0 | P15: Appointment Setting
A16: DC30014 | B16: 45232.25 | C16: Live | D16: V4 | E16: ANZ | G16: 0 | H16: 0 | I16: 0 | J16: 0 | K16: 0 | L16: 0 | P16: Appointment Setting
A17: DC30015 | B17: 45232.25 | C17: Live | D17: V38 | E17: ANZ | G17: 1 | H17: 0 | I17: 0 | J17: 1 | K17: 0 | L17: 0 | P17: Appointment Setting
A18: DC30016 | B18: 45233.25 | C18: Live | D18: T1 | E18: ANZ | G18: 0 | H18: 0 | I18: 0 | J18: 0 | K18: 0 | L18: 0 | P18: Appointment Setting
A19: DC30017 | B19: 45262.292 | C19: Live | D19: T1 | E19: ANZ | G19: 4 | H19: 0 | I19: 0 | J19: 4 | K19: 0 | L19: 0 | P19: Appointment Setting
A20: DC30018 | B20: 45293.292 | C20: Live | D20: T1 | E20: ANZ | G20: 0 | H20: 0 | I20: 0 | J20: 0 | K20: 0 | L20: 0 | P20: Appointment Setting
A21: DC30019 | B21: Overall | C21: Live | D21: T1 | E21: Southeast Asia | F21: 2 | G21: 8 | H21: 0 | I21: 3 | J21: 4 | K21: 1 | L21: 1 | M21: 2 | P21: Appointment Setting
A22: DC58772 | B22: Overall | C22: Live | D22: Total | E22: Southeast Asia | F22: 2 | G22: 8 | H22: 0 | I22: 3 | J22: 4 | K22: 1 | L22: 1 | M22: 2 | N22: 0 | O22: 2 | P22: Appointment Setting
A23: DC30020 | B23: 45262.292 | C23: Live | D23: T1 | E23: Southeast Asia | G23: 6 | H23: 0 | I23: 2 | J23: 4 | K23: 0 | L23: 0 | P23: Appointment Setting
A24: DC30021 | B24: 45294.292 | C24: Live | D24: T1 | E24: Southeast Asia | G24: 0 | H24: 0 | I24: 0 | J24: 0 | K24: 0 | L24: 0 | P24: Appointment Setting
A25: DC30022 | B25: Overall | C25: Live | D25: T1 | E25: APAC | F25: 3 | G25: 6 | H25: 0 | I25: 4 | J25: 0 | K25: 2 | L25: 0 | M25: 3 | P25: Appointment Setting
A26: DC30023 | B26: Overall | C26: Live | D26: Total | E26: APAC | F26: 3 | G26: 6 | H26: 0 | I26: 4 | J26: 0 | K26: 2 | L26: 0 | M26: 3 | N26: 0 | O26: 3 | P26: Appointment Setting
A27: DC30024 | B27: 45294.292 | C27: Live | D27: T1 | E27: APAC | G27: 0 | H27: 0 | I27: 0 | J27: 0 | K27: 0 | L27: 0 | P27: Appointment Setting
A28: DC30025 | B28: Overall | C28: Live | D28: T1 | E28: ANZ | F28: 2 | G28: 1 | H28: 0 | I28: 1 | J28: 0 | K28: 0 | L28: 0 | M28: 2 | P28: Appointment Setting
A29: DC30026 | B29: Overall | C29: Live | D29: Total | E29: ANZ | F29: 2 | G29: 1 | H29: 0 | I29: 1 | J29: 0 | K29: 0 | L29: 0 | M29: 2 | N29: 0 | O29: 2 | P29: Appointment Setting
A30: DC30027 | B30: 45293.292 | C30: Live | D30: T1 | E30: ANZ | G30: 1 | H30: 0 | I30: 1 | J30: 0 | K30: 0 | L30: 0 | P30: Appointment Setting
A31: DC30028 | B31: Overall | C31: Closed | D31: V38 | E31: ASEAN | F31: 1 | G31: 6 | H31: 2 | I31: 1 | J31: 3 | K31: 0 | L31: 0 | M31: -1 | P31: Appointment Setting
A32: DC30029 | B32: Overall | C32: Live | D32: T1 | E32: ASEAN | F32: 3 | G32: 19 | H32: 1 | I32: 7 | J32: 6 | K32: 5 | L32: 0 | M32: 2 | P32: Appointment Setting
A33: DC30030 | B33: Overall | C33: Live | D33: Total | E33: ASEAN | F33: 4 | G33: 25 | H33: 3 | I33: 8 | J33: 9 | K33: 5 | L33: 0 | M33: 1 | N33: 0 | O33: -2 | P33: Appointment Setting
A34: DC30031 | B34: 45171.292 | C34: Live | D34: V38 | E34: ASEAN | G34: 2 | H34: 1 | I34: 0 | J34: 1 | K34: 0 | L34: 0 | P34: Appointment Setting
A35: DC30032 | B35: 45202.292 | C35: Live | D35: V38 | E35: ASEAN | G35: 4 | H35: 1 | I35: 1 | J35: 2 | K35: 0 | L35: 0 | P35: Appointment Setting
A36: DC30033 | B36: 45203.292 | C36: Live | D36: T1 | E36: ASEAN | G36: 0 | H36: 0 | I36: 0 | J36: 0 | K36: 0 | L36: 0 | P36: Appointment Setting
A37: DC30034 | B37: 45264.292 | C37: Live | D37: T1 | E37: ASEAN | G37: 7 | H37: 0 | I37: 2 | J37: 5 | K37: 0 | L37: 0 | P37: Appointment Setting
A38: DC30035 | B38: 45293.292 | C38: Live | D38: T1 | E38: ASEAN | G38: 7 | H38: 1 | I38: 4 | J38: 1 | K38: 1 | L38: 0 | P38: Appointment Setting
A39: DC30036 | B39: Overall | C39: Live | D39: T1 | E39: US | F39: 49 | G39: 58 | H39: 39 | I39: 9 | J39: 0 | K39: 10 | L39: 0 | M39: 10 | P39: MQL
A40: DC30037 | B40: Overall | C40: Closed | D40: T2 | E40: US | F40: 29 | G40: 35 | H40: 29 | I40: 5 | J40: 1 | K40: 0 | L40: 0 | M40: 0 | P40: MQL
A41: DC30038 | B41: Overall | C41: Live | D41: Total | E41: US | F41: 78 | G41: 93 | H41: 68 | I41: 14 | J41: 1 | K41: 10 | L41: 0 | M41: 10 | N41: 0 | O41: -58 | P41: MQL
A42: DC58772 | B42: 45232.25 | C42: Live | D42: T1 | E42: US | G42: 13 | H42: 11 | I42: 2 | J42: 0 | K42: 0 | L42: 0 | P42: MQL
A43: DC30039 | B43: 45261.292 | C43: Live | D43: T1 | E43: US | G43: 4 | H43: 4 | I43: 0 | J43: 0 | K43: 0 | L43: 0 | P43: MQL
A44: DC30040 | B44: 45261.292 | C44: Live | D44: T2 | E44: US | G44: 6 | H44: 4 | I44: 1 | J44: 1 | K44: 0 | L44: 0 | P44: MQL
A45: DC30041 | B45: 45292.292 | C45: Live | D45: T1 | E45: US | G45: 25 | H45: 20 | I45: 5 | J45: 0 | K45: 0 | L45: 0 | P45: MQL
A46: DC30042 | B46: 45293.292 | C46: Live | D46: T2 | E46: US | G46: 27 | H46: 24 | I46: 3 | J46: 0 | K46: 0 | L46: 0 | P46: MQL
A47: DC30043 | B47: 45324.292 | C47: Live | D47: T1 | E47: US | G47: 6 | H47: 4 | I47: 2 | J47: 0 | K47: 0 | L47: 0 | P47: MQL
A48: DC30044 | B48: 45324.292 | C48: Live | D48: T2 | E48: US | G48: 2 | H48: 1 | I48: 1 | J48: 0 | K48: 0 | L48: 0 | P48: MQL
A49: DC30045 | B49: 45353.292 | C49: Live | D49: T1 | E49: US | G49: 10 | H49: 0 | I49: 0 | J49: 0 | K49: 10 | L49: 0 | P49: MQL
A50: DC30046 | B50: Overall | C50: Live | D50: V36 | E50: US | F50: 10 | G50: 1 | H50: 1 | I50: 0 | J50: 0 | K50: 0 | L50: 0 | M50: 9 | P50: Survey
A51: DC30047 | B51: Overall | C51: Live | D51: T1 | E51: US | F51: 100 | G51: 60 | H51: 4 | I51: 37 | J51: 0 | K51: 19 | L51: 0 | M51: 96 | P51: Survey
A52: DC30048 | B52: Overall | C52: Live | D52: Total | E52: US | F52: 100 | G52: 61 | H52: 5 | I52: 37 | J52: 0 | K52: 19 | L52: 0 | M52: 95 | N52: -10 | O52: 90 | P52: Survey
A53: DC30049 | B53: 45262.292 | C53: Live | D53: T1 | E53: US | G53: 40 | H53: 4 | I53: 36 | J53: 0 | K53: 0 | L53: 0 | P53: Survey
A54: DC30050 | B54: 45294.292 | C54: Live | D54: T1 | E54: US | G54: 1 | H54: 0 | I54: 1 | J54: 0 | K54: 0 | L54: 0 | P54: Survey
A55: DC30051 | B55: 45294.292 | C55: Live | D55: V36 | E55: US | G55: 1 | H55: 1 | I55: 0 | J55: 0 | K55: 0 | L55: 0 | P55: Survey
A56: DC30052 | B56: 45324.292 | C56: Live | D56: T1 | E56: US | G56: 19 | H56: 0 | I56: 0 | J56: 0 | K56: 19 | L56: 0 | P56: Survey
A57: DC30053 | B57: 45324.292 | C57: Live | D57: V36 | E57: US | G57: 0 | H57: 0 | I57: 0 | J57: 0 | K57: 0 | L57: 0 | P57: Survey
A58: DC30054 | B58: 45353.292 | C58: Live | D58: T1 | E58: US | G58: 0 | H58: 0 | I58: 0 | J58: 0 | K58: 0 | L58: 0 | P58: Survey
A59: DC30055 | B59: 45353.292 | C59: Live | D59: V36 | E59: US | G59: 0 | H59: 0 | I59: 0 | J59: 0 | K59: 0 | L59: 0 | P59: Survey
A60: DC30056 | B60: Overall | C60: Live | D60: V20 | E60: US | F60: 11 | G60: 10 | H60: 2 | I60: 1 | J60: 0 | K60: 7 | L60: 4 | M60: 9 | P60: Custom Questions
A61: DC30057 | B61: Overall | C61: Live | D61: Total | E61: US | F61: 11 | G61: 10 | H61: 2 | I61: 1 | J61: 0 | K61: 7 | L61: 4 | M61: 9 | N61: 0 | O61: 7 | P61: Custom Questions
A62: DC58772 | B62: 45324.292 | C62: Live | D62: V20 | E62: US | G62: 3 | H62: 2 | I62: 1 | J62: 0 | K62: 0 | L62: 0 | P62: Custom Questions
A63: DC30058 | B63: 45353.292 | C63: Live | D63: V20 | E63: US | G63: 7 | H63: 0 | I63: 0 | J63: 0 | K63: 7 | L63: 4 | P63: Custom Questions
A64: DC30059 | B64: Overall | C64: Live | D64: V20 | E64: EU | F64: 70 | G64: 65 | H64: 50 | I64: 6 | J64: 0 | K64: 9 | L64: 9 | M64: 20 | P64: Custom Questions
A65: DC30060 | B65: Overall | C65: Live | D65: Total | E65: EU | F65: 70 | G65: 65 | H65: 50 | I65: 6 | J65: 0 | K65: 9 | L65: 9 | M65: 20 | N65: 0 | O65: -30 | P65: Custom Questions
A66: DC30061 | B66: 45324.292 | C66: Live | D66: V20 | E66: EU | G66: 35 | H66: 31 | I66: 4 | J66: 0 | K66: 0 | L66: 0 | P66: Custom Questions
A67: DC30062 | B67: 45352.292 | C67: Live | D67: V20 | E67: EU | G67: 30 | H67: 19 | I67: 2 | J67: 0 | K67: 9 | L67: 9 | P67: Custom Questions
A68: DC30063 | B68: Overall | C68: Live | D68: V20 | E68: ANZ | F68: 84 | G68: 137 | H68: 69 | I68: 41 | J68: 9 | K68: 18 | L68: 0 | M68: 15 | P68: MQL
A69: DC30064 | B69: Overall | C69: Live | D69: T1 | E69: ANZ | F69: 10 | G69: 5 | H69: 1 | I69: 3 | J69: 0 | K69: 1 | L69: 0 | M69: 9 | P69: MQL
A70: DC30065 | B70: Overall | C70: Live | D70: Total | E70: ANZ | F70: 85 | G70: 142 | H70: 70 | I70: 44 | J70: 9 | K70: 19 | L70: 0 | M70: 15 | N70: -9 | O70: -55 | P70: MQL
A71: DC30066 | B71: 45261.292 | C71: Live | D71: V20 | E71: ANZ | G71: 52 | H71: 25 | I71: 18 | J71: 9 | K71: 0 | L71: 0 | P71: MQL
A72: DC30067 | B72: 45323.292 | C72: Live | D72: T1 | E72: ANZ | G72: 4 | H72: 1 | I72: 3 | J72: 0 | K72: 0 | L72: 0 | P72: MQL
A73: DC30068 | B73: 45323.292 | C73: Live | D73: V20 | E73: ANZ | G73: 55 | H73: 35 | I73: 20 | J73: 0 | K73: 0 | L73: 0 | P73: MQL
A74: DC30069 | B74: 45353.292 | C74: Live | D74: T1 | E74: ANZ | G74: 1 | H74: 0 | I74: 0 | J74: 0 | K74: 1 | L74: 0 | P74: MQL
A75: DC30070 | B75: 45353.292 | C75: Live | D75: V20 | E75: ANZ | G75: 30 | H75: 9 | I75: 3 | J75: 0 | K75: 18 | L75: 0 | P75: MQL
A76: DC30071 | B76: Overall | C76: Live | D76: V39 | E76: Hong Kong | F76: 20 | G76: 1 | H76: 0 | I76: 1 | J76: 0 | K76: 0 | L76: 0 | M76: 20 | P76: CALL Back
A77: DC30072 | B77: Overall | C77: Paused | D77: V39 | E77: Australia | F77: 25 | G77: 12 | H77: 5 | I77: 6 | J77: 1 | K77: 0 | L77: 0 | M77: 20 | P77: CALL Back
A78: DC30073 | B78: Overall | C78: Live | D78: V39 | E78: Singapore | F78: 20 | G78: 5 | H78: 1 | I78: 4 | J78: 0 | K78: 0 | L78: 0 | M78: 19 | P78: CALL Back
A79: DC30074 | B79: Overall | C79: Live | D79: V39 | E79: Indonesia | F79: 10 | G79: 0 | H79: 0 | I79: 0 | J79: 0 | K79: 0 | L79: 0 | M79: 10 | P79: CALL Back
A80: DC30075 | B80: Overall | C80: Paused | D80: V39 | E80: Malaysia | F80: 15 | G80: 16 | H80: 6 | I80: 4 | J80: 0 | K80: 6 | L80: 6 | M80: 9 | P80: CALL Back
A81: DC30076 | B81: Overall | C81: Live | D81: V39 | E81: Philippines | F81: 10 | G81: 1 | H81: 1 | I81: 0 | J81: 0 | K81: 0 | L81: 0 | M81: 9 | P81: CALL Back
A82: DC58772 | B82: Overall | C82: Paused | D82: V39 | E82: Thailand | F82: 15 | G82: 1 | H82: 1 | I82: 0 | J82: 0 | K82: 0 | L82: 0 | M82: 14 | P82: CALL Back
A83: DC30077 | B83: Overall | C83: Closed | D83: V39 | E83: India | F83: 10 | G83: 9 | H83: 3 | I83: 6 | J83: 0 | K83: 0 | L83: 0 | M83: 7 | P83: CALL Back
A84: DC30078 | B84: Overall | C84: Live | D84: V2 | E84: Hong Kong | F84: 20 | G84: 8 | H84: 5 | I84: 3 | J84: 0 | K84: 0 | L84: 0 | M84: 15 | P84: CALL Back
A85: DC30079 | B85: Overall | C85: Paused | D85: V2 | E85: Australia | F85: 10 | G85: 16 | H85: 13 | I85: 2 | J85: 1 | K85: 0 | L85: 0 | M85: -3 | P85: CALL Back
A86: DC30080 | B86: Overall | C86: Live | D86: V2 | E86: Singapore | F86: 15 | G86: 1 | H86: 1 | I86: 0 | J86: 0 | K86: 0 | L86: 0 | M86: 14 | P86: CALL Back
A87: DC30081 | B87: Overall | C87: Live | D87: V2 | E87: Indonesia | F87: 10 | G87: 1 | H87: 0 | I87: 1 | J87: 0 | K87: 0 | L87: 0 | M87: 10 | P87: CALL Back
... A99: DC30093 | B99: Overall | C99: Paused | D99: T1 | E99: India | F99: 10 | G99: 11 | H99: 8 | I99: 3 | J99: 0 | K99: 0 | L99: 0 | M99: 2 | P99: CALL Back
A100: DC30094 | B100: Overall | C100: Live | D100: Total | E100: Hong Kong | F100: 20 | G100: 11 | H100: 5 | I100: 4 | J100: 0 | K100: 2 | L100: 0 | M100: 15 | N100: -40 | O100: 10 | P100: CALL Back
A101: DC30095 | B101: Overall | C101: Live | D101: Total | E101: Singapore | F101: 20 | G101: 8 | H101: 3 | I101: 5 | J101: 0 | K101: 0 | L101: 0 | M101: 17 | N101: -35 | O101: 14 | P101: CALL Back
A102: DC58772 | B102: Overall | C102: Live | D102: Total | E102: Indonesia | F102: 10 | G102: 3 | H102: 0 | I102: 1 | J102: 0 | K102: 2 | L102: 0 | M102: 10 | N102: -20 | O102: 10 | P102: CALL Back
A103: DC30001 | B103: Overall | C103: Live | D103: Total | E103: Malaysia | F103: 15 | G103: 30 | H103: 12 | I103: 9 | J103: 0 | K103: 9 | L103: 6 | M103: 3 | N103: -25 | O103: -9 | P103: CALL Back
A104: DC30002 | B104: Overall | C104: Live | D104: Total | E104: Philippines | F104: 10 | G104: 3 | H104: 2 | I104: 1 | J104: 0 | K104: 0 | L104: 0 | M104: 8 | N104: -20 | O104: 6 | P104: CALL Back
A105: DC30003 | B105: Overall | C105: Live | D105: Total | E105: Thailand | F105: 15 | G105: 13 | H105: 6 | I105: 5 | J105: 0 | K105: 2 | L105: 0 | M105: 9 | N105: -25 | O105: 3 | P105: CALL Back
A106: DC30004 | B106: Overall | C106: Closed | D106: Total | E106: Australia | F106: 30 | G106: 40 | H106: 28 | I106: 10 | J106: 2 | K106: 0 | L106: 0 | M106: 2 | N106: -30 | O106: -26 | P106: CALL Back
A107: DC30005 | B107: Overall | C107: Closed | D107: Total | E107: India | F107: 11 | G107: 20 | H107: 11 | I107: 9 | J107: 0 | K107: 0 | L107: 0 | M107: 0 | N107: -9 | O107: -11 | P107: CALL Back
A108: DC30006 | B108: 45294.292 | C108: Live | D108: T1 | E108: Hong Kong | G108: 0 | H108: 0 | I108: 0 | J108: 0 | K108: 0 | L108: 0 | P108: CALL Back
A109: DC30007 | B109: 45295.292 | C109: Live | D109: T1 | E109: Australia | G109: 4 | H109: 4 | I109: 0 | J109: 0 | K109: 0 | L109: 0 | P109: CALL Back
A110: DC30008 | B110: 45296.292 | C110: Live | D110: T1 | E110: Singapore | G110: 0 | H110: 0 | I110: 0 | J110: 0 | K110: 0 | L110: 0 | P110: CALL Back
A111: DC30009 | B111: 45297.292 | C111: Live | D111: T1 | E111: India | G111: 11 | H111: 8 | I111: 3 | J111: 0 | K111: 0 | L111: 0 | P111: CALL Back
...

Sheet Campaign Stats
A1: Current Volume Status
A2: Campaign Type | B2: N - LIVE | C2: N - Paused | D2: Goal - LIVE | E2: Accepted - LIVE | F2: Left | G2: Returns | H2: Pending - LIVE | I2: Pending - Paused
A3: Email Marketing | B3: =COUNTIFS('Campaign Tracking'!T:T,A3,'Campaign Tracking'!K:K,"live") -> 1 | C3: =COUNTIFS('Campaign Tracking'!T:T,A3,'Campaign Tracking'!K:K,"paused") -> 0 | D3: =SUMifs('Campaign Tracking'!D:D,'Campaign Tracking'!T:T,A3,'Campaign Tracking'!K:K,"LIVE") -> 183 | E3: =SUMIFS('Campaign Tracking'!F:F,'Campaign Tracking'!T:T,A3,'Campaign Tracking'!K:K,"LIVE") -> 57 | F3: =D3-E3 -> 126 | H3: =SUMIFS('Campaign Tracking'!H:H,'Campaign Tracking'!T:T,A3,'Campaign Tracking'!K:K,"LIVE") -> 107 | I3: =SUMIFS('Campaign Tracking'!H:H,'Campaign Tracking'!T:T,A3,'Campaign Tracking'!K:K,"PAUSED") -> 0
A4: LIVE EVENT | B4: =COUNTIFS('Campaign Tracking'!T:T,A4,'Campaign Tracking'!K:K,"live") -> 0 | C4: =COUNTIFS('Campaign Tracking'!T:T,A4,'Campaign Tracking'!K:K,"paused") -> 0 | D4: =SUMifs('Campaign Tracking'!D:D,'Campaign Tracking'!T:T,A4,'Campaign Tracking'!K:K,"LIVE") -> 0 | E4: =SUMIFS('Campaign Tracking'!F:F,'Campaign Tracking'!T:T,A4,'Campaign Tracking'!K:K,"LIVE") -> 0 | F4: =D4-E4 -> 0 | H4: =SUMIFS('Campaign Tracking'!H:H,'Campaign Tracking'!T:T,A4,'Campaign Tracking'!K:K,"LIVE") -> 0 | I4: =SUMIFS('Campaign Tracking'!H:H,'Campaign Tracking'!T:T,A4,'Campaign Tracking'!K:K,"PAUSED") -> 0
A5: Webinar | B5: =COUNTIFS('Campaign Tracking'!T:T,A5,'Campaign Tracking'!K:K,"live") -> 0 | C5: =COUNTIFS('Campaign Tracking'!T:T,A5,'Campaign Tracking'!K:K,"paused") -> 0 | D5: =SUMifs('Campaign Tracking'!D:D,'Campaign Tracking'!T:T,A5,'Campaign Tracking'!K:K,"LIVE") -> 0 | E5: =SUMIFS('Campaign Tracking'!F:F,'Campaign Tracking'!T:T,A5,'Campaign Tracking'!K:K,"LIVE") -> 0 | F5: =D5-E5 -> 0 | H5: =SUMIFS('Campaign Tracking'!H:H,'Campaign Tracking'!T:T,A5,'Campaign Tracking'!K:K,"LIVE") -> 0 | I5: =SUMIFS('Campaign Tracking'!H:H,'Campaign Tracking'!T:T,A5,'Campaign Tracking'!K:K,"PAUSED") -> 0
A6: Survey | B6: =COUNTIFS('Campaign Tracking'!T:T,A6,'Campaign Tracking'!K:K,"live") -> 0 | C6: =COUNTIFS('Campaign Tracking'!T:T,A6,'Campaign Tracking'!K:K,"paused") -> 0 | D6: =SUMifs('Campaign Tracking'!D:D,'Campaign Tracking'!T:T,A6,'Campaign Tracking'!K:K,"LIVE") -> 0 | E6: =SUMIFS('Campaign Tracking'!F:F,'Campaign Tracking'!T:T,A6,'Campaign Tracking'!K:K,"LIVE") -> 0 | F6: =D6-E6 -> 0 | H6: =SUMIFS('Campaign Tracking'!H:H,'Campaign Tracking'!T:T,A6,'Campaign Tracking'!K:K,"LIVE") -> 0 | I6: =SUMIFS('Campaign Tracking'!H:H,'Campaign Tracking'!T:T,A6,'Campaign Tracking'!K:K,"PAUSED") -> 0
A7: MQL | B7: =COUNTIFS('Campaign Tracking'!T:T,A7,'Campaign Tracking'!K:K,"live") -> 1 | C7: =COUNTIFS('Campaign Tracking'!T:T,A7,'Campaign Tracking'!K:K,"paused") -> 0 | D7: =SUMifs('Campaign Tracking'!D:D,'Campaign Tracking'!T:T,A7,'Campaign Tracking'!K:K,"LIVE") -> 106 | E7: =SUMIFS('Campaign Tracking'!F:F,'Campaign Tracking'!T:T,A7,'Campaign Tracking'!K:K,"LIVE") -> 12 | F7: =D7-E7 -> 94 | H7: =SUMIFS('Campaign Tracking'!H:H,'Campaign Tracking'!T:T,A7,'Campaign Tracking'!K:K,"LIVE") -> 17 | I7: =SUMIFS('Campaign Tracking'!H:H,'Campaign Tracking'!T:T,A7,'Campaign Tracking'!K:K,"PAUSED") -> 0
A8: SQL | B8: =COUNTIFS('Campaign Tracking'!T:T,A8,'Campaign Tracking'!K:K,"live") -> 0 | C8: =COUNTIFS('Campaign Tracking'!T:T,A8,'Campaign Tracking'!K:K,"paused") -> 0 | D8: =SUMifs('Campaign Tracking'!D:D,'Campaign Tracking'!T:T,A8,'Campaign Tracking'!K:K,"LIVE") -> 0 | E8: =SUMIFS('Campaign Tracking'!F:F,'Campaign Tracking'!T:T,A8,'Campaign Tracking'!K:K,"LIVE") -> 0 | F8: =D8-E8 -> 0 | H8: =SUMIFS('Campaign Tracking'!H:H,'Campaign Tracking'!T:T,A8,'Campaign Tracking'!K:K,"LIVE") -> 0 | I8: =SUMIFS('Campaign Tracking'!H:H,'Campaign Tracking'!T:T,A8,'Campaign Tracking'!K:K,"PAUSED") -> 0
A9: Custom questions | B9: =COUNTIFS('Campaign Tracking'!T:T,A9,'Campaign Tracking'!K:K,"live") -> 1 | C9: =COUNTIFS('Campaign Tracking'!T:T,A9,'Campaign Tracking'!K:K,"paused") -> 0 | D9: =SUMifs('Campaign Tracking'!D:D,'Campaign Tracking'!T:T,A9,'Campaign Tracking'!K:K,"LIVE") -> 125 | E9: =SUMIFS('Campaign Tracking'!F:F,'Campaign Tracking'!T:T,A9,'Campaign Tracking'!K:K,"LIVE") -> 12 | F9: =D9-E9 -> 113 | H9: =SUMIFS('Campaign Tracking'!H:H,'Campaign Tracking'!T:T,A9,'Campaign Tracking'!K:K,"LIVE") -> 43 | I9: =SUMIFS('Campaign Tracking'!H:H,'Campaign Tracking'!T:T,A9,'Campaign Tracking'!K:K,"PAUSED") -> 0
A10: Soft BANT | B10: =COUNTIFS('Campaign Tracking'!T:T,A10,'Campaign Tracking'!K:K,"live") -> 0 | C10: =COUNTIFS('Campaign Tracking'!T:T,A10,'Campaign Tracking'!K:K,"paused") -> 0 | D10: =SUMifs('Campaign Tracking'!D:D,'Campaign Tracking'!T:T,A10,'Campaign Tracking'!K:K,"LIVE") -> 0 | E10: =SUMIFS('Campaign Tracking'!F:F,'Campaign Tracking'!T:T,A10,'Campaign Tracking'!K:K,"LIVE") -> 0 | F10: =D10-E10 -> 0 | H10: =SUMIFS('Campaign Tracking'!H:H,'Campaign Tracking'!T:T,A10,'Campaign Tracking'!K:K,"LIVE") -> 0 | I10: =SUMIFS('Campaign Tracking'!H:H,'Campaign Tracking'!T:T,A10,'Campaign Tracking'!K:K,"PAUSED") -> 0
A11: BANT | B11: =COUNTIFS('Campaign Tracking'!T:T,A11,'Campaign Tracking'!K:K,"live") -> 0 | C11: =COUNTIFS('Campaign Tracking'!T:T,A11,'Campaign Tracking'!K:K,"paused") -> 0 | D11: =SUMifs('Campaign Tracking'!D:D,'Campaign Tracking'!T:T,A11,'Campaign Tracking'!K:K,"LIVE") -> 0 | E11: =SUMIFS('Campaign Tracking'!F:F,'Campaign Tracking'!T:T,A11,'Campaign Tracking'!K:K,"LIVE") -> 0 | F11: =D11-E11 -> 0 | H11: =SUMIFS('Campaign Tracking'!H:H,'Campaign Tracking'!T:T,A11,'Campaign Tracking'!K:K,"LIVE") -> 0 | I11: =SUMIFS('Campaign Tracking'!H:H,'Campaign Tracking'!T:T,A11,'Campaign Tracking'!K:K,"PAUSED") -> 0
A12: CALL Back | B12: =COUNTIFS('Campaign Tracking'!T:T,A12,'Campaign Tracking'!K:K,"live") -> 1 | C12: =COUNTIFS('Campaign Tracking'!T:T,A12,'Campaign Tracking'!K:K,"paused") -> 0 | D12: =SUMifs('Campaign Tracking'!D:D,'Campaign Tracking'!T:T,A12,'Campaign Tracking'!K:K,"LIVE") -> 20 | E12: =SUMIFS('Campaign Tracking'!F:F,'Campaign Tracking'!T:T,A12,'Campaign Tracking'!K:K,"LIVE") -> 15 | F12: =D12-E12 -> 5 | H12: =SUMIFS('Campaign Tracking'!H:H,'Campaign Tracking'!T:T,A12,'Campaign Tracking'!K:K,"LIVE") -> 0 | I12: =SUMIFS('Campaign Tracking'!H:H,'Campaign Tracking'!T:T,A12,'Campaign Tracking'!K:K,"PAUSED") -> 0
A13: Appointment Setting | B13: =COUNTIFS('Campaign Tracking'!T:T,A13,'Campaign Tracking'!K:K,"live") -> 1 | C13: =COUNTIFS('Campaign Tracking'!T:T,A13,'Campaign Tracking'!K:K,"paused") -> 0 | D13: =SUMifs('Campaign Tracking'!D:D,'Campaign Tracking'!T:T,A13,'Campaign Tracking'!K:K,"LIVE") -> 5000 | E13: =SUMIFS('Campaign Tracking'!F:F,'Campaign Tracking'!T:T,A13,'Campaign Tracking'!K:K,"LIVE") -> 1651 | F13: =D13-E13 -> 3349 | H13: =SUMIFS('Campaign Tracking'!H:H,'Campaign Tracking'!T:T,A13,'Campaign Tracking'!K:K,"LIVE") -> 75 | I13: =SUMIFS('Campaign Tracking'!H:H,'Campaign Tracking'!T:T,A13,'Campaign Tracking'!K:K,"PAUSED") -> 0
A14: Total | B14: =sum(B3:B13) -> 5 | C14: =sum(C3:C13) -> 0 | D14: =sum(D3:D13) -> 5434 | E14: =sum(E3:E13) -> 1747 | F14: =sum(F3:F13) -> 3687 | H14: =sum(H3:H13) -> 242 | I14: =sum(I3:I13) -> 0
A16: Monthly Progress - EM & DPO
A17: Month | B17: Delivered | C17: Rejected | D17: Rejection Rate | E17: Accepted | F17: Pending | G17: Returns | H17: N Campaigns | I17: N Vendors
A18: 44013 | B18: 1088 | C18: =B18-E18-F18 -> 386 | D18: =(C18/B18)*100% -> 0.35477941 | E18: 702 | F18: 0 | H18: 29 | I18: 14
A19: 44044 | B19: 903 | C19: =B19-E19-F19 -> 347 | D19: =(C19/B19)*100% -> 0.38427464 | E19: 556 | F19: 0 | H19: 27 | I19: 11
A20: 44075 | B20: 1811 | C20: =B20-E20-F20 -> 719 | D20: =(C20/B20)*100% -> 0.39701822 | E20: 1092 | F20: 0 | H20: 30 | I20: 8
A21: 44105 | B21: 2478 | C21: =B21-E21-F21 -> 722.6 | D21: =(C21/B21)*100% -> 0.29160613 | E21: 1755.4 | F21: 0 | H21: 30 | I21: 7
A22: 44136 | B22: 2285 | C22: =B22-E22-F22 -> 656 | D22: =(C22/B22)*100% -> 0.28708972 | E22: 1629 | F22: 0 | H22: 37 | I22: 7
A23: 44166 | B23: 1349 | C23: =B23-E23-F23 -> 421 | D23: =(C23/B23)*100% -> 0.31208302 | E23: 928 | F23: 0 | H23: 24 | I23: 5
A24: 44197 | B24: 1706 | C24: 471 | D24: =(C24/B24)*100% -> 0.27608441 | E24: 1235 | F24: 0 | H24: 39 | I24: 10
A25: 44228 | B25: 3534 | C25: 997 | D25: =(C25/B25)*100% -> 0.28211658 | E25: 2537 | F25: 0 | H25: 65 | I25: 18
A26: 44256 | B26: 4748 | C26: 1527 | D26: =(C26/B26)*100% -> 0.3216091 | E26: 3221 | F26: 0 | H26: 88 | I26: 19
A27: 44287 | B27: 6190 | C27: 2331 | D27: =(C27/B27)*100% -> 0.37657512 | E27: 3859 | F27: 0 | H27: 95 | I27: 17
A28: 44317 | B28: 5277 | C28: 2104 | D28: =(C28/B28)*100% -> 0.39871139 | E28: 3173 | F28: 0 | H28: 80 | I28: 24
A29: 44348 | B29: 5072 | C29: 2020 | D29: =(C29/B29)*100% -> 0.39826498 | E29: 3052 | F29: 0 | H29: 56 | I29: 20
A30: 44378 | B30: 6130 | C30: 2290 | D30: =(C30/B30)*100% -> 0.37357259 | E30: 3840 | F30: 0 | H30: 74 | I30: 14
A31: 44409 | B31: 7644 | C31: 3133 | D31: =(C31/B31)*100% -> 0.40986395 | E31: 4511 | F31: 0 | H31: 83 | I31: 16
A32: 44440 | B32: 4784 | C32: 2157 | D32: =(C32/B32)*100% -> 0.45087793 | E32: 2627 | F32: 0 | H32: 53 | I32: 16
A33: 44470 | B33: 3986 | C33: 1510 | D33: =(C33/B33)*100% -> 0.37882589 | E33: 2476 | F33: 0 | H33: 67 | I33: 17
A34: 44501 | B34: 5063 | C34: 2298 | D34: =(C34/B34)*100% -> 0.4538811 | E34: 2765 | F34: 0 | H34: 69 | I34: 19
A35: 44531 | B35: 3557 | C35: 1590 | D35: =(C35/B35)*100% -> 0.4470059 | E35: 1967 | F35: 0 | H35: 61 | I35: 18
... A53: 45078 | B53: 10063 | C53: 4291 | D53: =(C53/B53)*100% -> 0.42641359 | E53: 5711 | F53: 0 | H53: 120 | I53: 11
A54: 45108 | B54: 5127 | C54: 1843 | D54: =(C54/B54)*100% -> 0.35946948 | E54: 3197 | F54: 56 | G54: 31 | H54: 88 | I54: 10
A55: 45139 | B55: 7709 | C55: 3603 | D55: =(C55/B55)*100% -> 0.46737579 | E55: 3969 | F55: 0 | H55: 157 | I55: 10
A56: 45170 | B56: 7518 | C56: 2652 | D56: =(C56/B56)*100% -> 0.35275339 | E56: 4708 | F56: 102 | H56: 174 | I56: 10
A57: 45200 | B57: 6656 | C57: 2687 | D57: =(C57/B57)*100% -> 0.40369591 | E57: 3917 | F57: 21 | H57: 163 | I57: 10
A58: 45231 | B58: 8742 | C58: 3731 | D58: =(C58/B58)*100% -> 0.42679021 | E58: 4991 | F58: 6 | H58: 178 | I58: 12
A59: 45261 | D59: =(C59/B59)*100% -> #DIV/0!
A61: Monthly Progress - DPO | K61: Monthly Progress - EM
A62: Month | B62: Delivered | C62: Rejected | D62: Rejection Rate | E62: Accepted | F62: Pending | G62: Returns | H62: N Campaigns | I62: N Vendors | K62: Month | L62: Delivered | M62: Rejected | N62: Rejection Rate | O62: Accepted | P62: Pending | Q62: Returns | R62: N Campaigns | S62: N Vendors
A63: 44562 | B63: 2353 | C63: 1000 | D63: =(C63/B63)*100% -> 0.42498938 | E63: 1353 | F63: 0 | H63: 35 | I63: 14 | K63: 44562 | L63: 508 | M63: 169 | N63: =M63/L63*100% -> 0.33267717 | O63: 339 | P63: 0 | R63: 9 | S63: 1
A64: 44593 | B64: 1385 | C64: 527 | D64: =(C64/B64)*100% -> 0.38050542 | E64: 858 | F64: 0 | H64: 24 | I64: 10 | K64: 44593 | L64: 14025 | M64: 9394 | N64: =M64/L64*100% -> 0.66980392 | O64: 4631 | P64: 0 | R64: 36 | S64: 4
A65: 44621 | B65: 2456 | C65: 803 | D65: =(C65/B65)*100% -> 0.3269544 | E65: 1653 | F65: 0 | H65: 25 | I65: 12 | K65: 44621 | L65: 9684 | M65: 6112 | N65: =M65/L65*100% -> 0.63114416 | O65: 3572 | P65: 0 | R65: 36 | S65: 6
A66: 44652 | B66: 2487 | C66: 1149 | D66: =(C66/B66)*100% -> 0.46200241 | E66: 1338 | F66: 0 | H66: 42 | I66: 13 | K66: 44652 | L66: 4564 | M66: 2734 | N66: =M66/L66*100% -> 0.59903593 | O66: 1830 | P66: 0 | R66: 35 | S66: 6
A67: 44682 | B67: 4738 | C67: 2069 | D67: =(C67/B67)*100% -> 0.43668214 | E67: 2669 | F67: 0 | H67: 36 | I67: 13 | K67: 44682 | L67: 7448 | M67: 4977 | N67: =M67/L67*100% -> 0.66823308 | O67: 2471 | P67: 0 | R67: 38 | S67: 5
A68: 44713 | B68: 4357 | C68: 2087 | D68: =(C68/B68)*100% -> 0.47899931 | E68: 2270 | F68: 0 | H68: 38 | I68: 14 | K68: 44713 | L68: 6031 | M68: 4338 | N68: =M68/L68*100% -> 0.7192837 | O68: 1693 | P68: 0 | R68: 35 | S68: 4
A69: 44744 | B69: 2244 | C69: 1069 | D69: =(C69/B69)*100% -> 0.47638146 | E69: 1175 | F69: 0 | H69: 27 | I69: 14 | K69: 44744 | L69: 2862 | M69: 1673 | N69: =M69/L69*100% -> 0.58455625 | O69: 1189 | P69: 0 | R69: 23 | S69: 4
A70: 44774 | B70: 2129 | C70: 972 | D70: =(C70/B70)*100% -> 0.45655237 | E70: 1157 | F70: 0 | H70: 30 | I70: 14 | K70: 44774 | L70: 2216 | M70: 1200 | N70: =M70/L70*100% -> 0.54151625 | O70: 1016 | P70: 0 | R70: 21 | S70: 3
A71: 44805 | B71: 1687 | C71: 838 | D71: =(C71/B71)*100% -> 0.49673977 | E71: 849 | F71: 0 | H71: 33 | I71: 14 | K71: 44805 | L71: 2919 | M71: 1458 | N71: =M71/L71*100% -> 0.49948613 | O71: 1461 | P71: 87 | R71: 26 | S71: 3
A72: 44835 | B72: 2975 | C72: 965 | D72: =(C72/B72)*100% -> 0.32436975 | E72: 2010 | F72: 0 | H72: 33 | I72: 15 | K72: 44835 | L72: 8329 | M72: 5275 | N72: =M72/L72*100% -> 0.63332933 | O72: 2964 | P72: 0 | R72: 25 | S72: 3
A73: 44866 | B73: 4404 | C73: 1567 | D73: =(C73/B73)*100% -> 0.3558129 | E73: 2829 | F73: 0 | H73: 50 | I73: 15 | K73: 44866 | L73: 9776 | M73: 5681 | N73: =M73/L73*100% -> 0.58111702 | O73: 4079 | P73: 0 | R73: 36 | S73: 3
A74: 44896 | B74: 2878 | C74: 886 | D74: =(C74/B74)*100% -> 0.30785268 | E74: 1977 | F74: 0 | H74: 36 | I74: 14 | K74: 44896 | L74: 3951 | M74: 2221 | N74: =M74/L74*100% -> 0.56213617 | O74: 1721 | P74: 0 | R74: 27 | S74: 3
... A85: 45231 | B85: 5446 | C85: 2094 | D85: =(C85/B85)*100% -> 0.38450239 | E85: 3332 | F85: 6 | H85: 140 | I85: 10 | K85: 45231 | L85: 3296 | M85: 1637 | N85: =M85/L85*100% -> 0.49666262 | O85: 1659 | P85: 0 | R85: 38 | S85: 2
A86: 45261 | D86: =(C86/B86)*100% -> #DIV/0! | K86: 45261 | N86: =M86/L86*100% -> #DIV/0!

Sheet Montly Stats
C2: Email marketing
A3: Month | B3: Vendor ID | C3: Vendor Name | D3: Delivered | E3: Rejected | F3: Rejection Rate | G3: Accepted | H3: Pending | I3: N Unique CIDS
A4: 45352 | B4: V36 | C4: Coleda | D4: =SUMIFS(All_Stats!$G:$G, All_Stats!$D:$D,$B4, All_Stats!$B:$B,">="&EOMONTH($A4,-1)+1, All_Stats!$B:$B,"<"&EOMONTH($A4,0)+1, All_Stats!$P:$P,"Email Marketing" ) -> 935 | E4: =SUMIFS(All_Stats!$I:$I, All_Stats!$D:$D,$B4, All_Stats!$B:$B,">="&EOMONTH($A4,-1)+1, All_Stats!$B:$B,"<"&EOMONTH($A4,0)+1, All_Stats!$P:$P,"Email Marketing" ) -> 117 | F4: =iferror(E4/D4,"N/A") -> 0.12513369 | G4: =SUMIFS(All_Stats!$H:$H, All_Stats!$D:$D,$B4, All_Stats!$B:$B,">="&EOMONTH($A4,-1)+1, All_Stats!$B:$B,"<"&EOMONTH($A4,0)+1, All_Stats!$P:$P,"Email Marketing" ) -> 130 | H4: =SUMIFS(All_Stats!$K:$K, All_Stats!$D:$D,$B4, All_Stats!$B:$B,">="&EOMONTH($A4,-1)+1, All_Stats!$B:$B,"<"&EOMONTH($A4,0)+1, All_Stats!$P:$P,"Email Marketing" ) -> 688 | I4: =IFERROR(__xludf.DUMMYFUNCTION("COUNTUNIQUEIFS(All_Stats!A:A, All_Stats!$D:$D,$B4, All_Stats!$B:$B,"">=""&EOMONTH($A4,-1)+1, All_Stats!$B:$B,""<""&EOMONTH($A4,0)+1, All_Stats!$P:$P,""Email Marketing"" )"),18.0) -> 18
A5: 45352 | B5: V5 | C5: =if(ifna(VLOOKUP(B5,'Vendor Directory'!A:C,3,0),"NOT FOUND")="","NOT FOUND",VLOOKUP(B5,'Vendor Directory'!A:C,3,0)) -> #N/A | D5: =SUMIFS(All_Stats!$G:$G, All_Stats!$D:$D,$B5, All_Stats!$B:$B,">="&EOMONTH($A5,-1)+1, All_Stats!$B:$B,"<"&EOMONTH($A5,0)+1, All_Stats!$P:$P,"Email Marketing" ) -> 876 | E5: =SUMIFS(All_Stats!$I:$I, All_Stats!$D:$D,$B5, All_Stats!$B:$B,">="&EOMONTH($A5,-1)+1, All_Stats!$B:$B,"<"&EOMONTH($A5,0)+1, All_Stats!$P:$P,"Email Marketing" ) -> 151 | F5: =iferror(E5/D5,"N/A") -> 0.17237443 | G5: =SUMIFS(All_Stats!$H:$H, All_Stats!$D:$D,$B5, All_Stats!$B:$B,">="&EOMONTH($A5,-1)+1, All_Stats!$B:$B,"<"&EOMONTH($A5,0)+1, All_Stats!$P:$P,"Email Marketing" ) -> 97 | H5: =SUMIFS(All_Stats!$K:$K, All_Stats!$D:$D,$B5, All_Stats!$B:$B,">="&EOMONTH($A5,-1)+1, All_Stats!$B:$B,"<"&EOMONTH($A5,0)+1, All_Stats!$P:$P,"Email Marketing" ) -> 628 | I5: =IFERROR(__xludf.DUMMYFUNCTION("COUNTUNIQUEIFS(All_Stats!A:A, All_Stats!$D:$D,$B5, All_Stats!$B:$B,"">=""&EOMONTH($A5,-1)+1, All_Stats!$B:$B,""<""&EOMONTH($A5,0)+1, All_Stats!$P:$P,""Email Marketing"" )"),27.0) -> 27
C6: Total | D6: =SUM(D4:D5) -> 1811 | E6: =SUM(E4:E5) -> 268 | F6: =iferror(E6/D6,"N/A") -> 0.14798454 | G6: =SUM(G4:G5) -> 227 | H6: =SUM(H4:H5) -> 1316
A8: Month | B8: Vendor ID | C8: Vendor Name | D8: Delivered | E8: Rejected | F8: Rejection Rate | G8: Accepted | H8: Pending | I8: N Unique CIDS
A9: 45352 | B9: T1 | C9: APAC TEAM | D9: =SUMIFS(All_Stats!$G:$G, All_Stats!$D:$D,$B9, All_Stats!$B:$B,">="&EOMONTH($A9,-1)+1, All_Stats!$B:$B,"<"&EOMONTH($A9,0)+1, All_Stats!$P:$P,"<>Email Marketing" ) -> 85 | E9: =SUMIFS(All_Stats!$I:$I, All_Stats!$D:$D,$B9, All_Stats!$B:$B,">="&EOMONTH($A9,-1)+1, All_Stats!$B:$B,"<"&EOMONTH($A9,0)+1, All_Stats!$P:$P,"<>Email Marketing" ) -> 19 | F9: =iferror(E9/D9,"N/A") -> 0.22352941 | G9: =SUMIFS(All_Stats!$H:$H, All_Stats!$D:$D,$B9, All_Stats!$B:$B,">="&EOMONTH($A9,-1)+1, All_Stats!$B:$B,"<"&EOMONTH($A9,0)+1, All_Stats!$P:$P,"<>Email Marketing" ) -> 17 | H9: =SUMIFS(All_Stats!$K:$K, All_Stats!$D:$D,$B9, All_Stats!$B:$B,">="&EOMONTH($A9,-1)+1, All_Stats!$B:$B,"<"&EOMONTH($A9,0)+1, All_Stats!$P:$P,"<>Email Marketing" ) -> 49 | I9: =IFERROR(__xludf.DUMMYFUNCTION("COUNTUNIQUEIFS(All_Stats!A:A, All_Stats!$D:$D,$B9, All_Stats!$B:$B,"">=""&EOMONTH($A9,-1)+1, All_Stats!$B:$B,""<""&EOMONTH($A9,0)+1, All_Stats!$P:$P,""<>Email Marketing"" )"),34.0) -> 34
A10: 45352 | B10: V2 | C10: =if(ifna(VLOOKUP(B10,'Vendor Directory'!A:C,3,0),"NOT FOUND")="","NOT FOUND",VLOOKUP(B10,'Vendor Directory'!A:C,3,0)) -> #N/A | D10: =SUMIFS(All_Stats!$G:$G, All_Stats!$D:$D,$B10, All_Stats!$B:$B,">="&EOMONTH($A10,-1)+1, All_Stats!$B:$B,"<"&EOMONTH($A10,0)+1, All_Stats!$P:$P,"<>Email Marketing" ) -> 63 | E10: =SUMIFS(All_Stats!$I:$I, All_Stats!$D:$D,$B10, All_Stats!$B:$B,">="&EOMONTH($A10,-1)+1, All_Stats!$B:$B,"<"&EOMONTH($A10,0)+1, All_Stats!$P:$P,"<>Email Marketing" ) -> 9 | F10: =iferror(E10/D10,"N/A") -> 0.14285714 | G10: =SUMIFS(All_Stats!$H:$H, All_Stats!$D:$D,$B10, All_Stats!$B:$B,">="&EOMONTH($A10,-1)+1, All_Stats!$B:$B,"<"&EOMONTH($A10,0)+1, All_Stats!$P:$P,"<>Email Marketing" ) -> 54 | H10: =SUMIFS(All_Stats!$K:$K, All_Stats!$D:$D,$B10, All_Stats!$B:$B,">="&EOMONTH($A10,-1)+1, All_Stats!$B:$B,"<"&EOMONTH($A10,0)+1, All_Stats!$P:$P,"<>Email Marketing" ) -> 0 | I10: =IFERROR(__xludf.DUMMYFUNCTION("COUNTUNIQUEIFS(All_Stats!A:A, All_Stats!$D:$D,$B10, All_Stats!$B:$B,"">=""&EOMONTH($A10,-1)+1, All_Stats!$B:$B,""<""&EOMONTH($A10,0)+1, All_Stats!$P:$P,""<>Email Marketing"" )"),10.0) -> 10
A11: 45352 | B11: V3 | C11: =if(ifna(VLOOKUP(B11,'Vendor Directory'!A:C,3,0),"NOT FOUND")="","NOT FOUND",VLOOKUP(B11,'Vendor Directory'!A:C,3,0)) -> #N/A | D11: =SUMIFS(All_Stats!$G:$G, All_Stats!$D:$D,$B11, All_Stats!$B:$B,">="&EOMONTH($A11,-1)+1, All_Stats!$B:$B,"<"&EOMONTH($A11,0)+1, All_Stats!$P:$P,"<>Email Marketing" ) -> 68 | E11: =SUMIFS(All_Stats!$I:$I, All_Stats!$D:$D,$B11, All_Stats!$B:$B,">="&EOMONTH($A11,-1)+1, All_Stats!$B:$B,"<"&EOMONTH($A11,0)+1, All_Stats!$P:$P,"<>Email Marketing" ) -> 21 | F11: =iferror(E11/D11,"N/A") -> 0.30882353 | G11: =SUMIFS(All_Stats!$H:$H, All_Stats!$D:$D,$B11, All_Stats!$B:$B,">="&EOMONTH($A11,-1)+1, All_Stats!$B:$B,"<"&EOMONTH($A11,0)+1, All_Stats!$P:$P,"<>Email Marketing" ) -> 0 | H11: =SUMIFS(All_Stats!$K:$K, All_Stats!$D:$D,$B11, All_Stats!$B:$B,">="&EOMONTH($A11,-1)+1, All_Stats!$B:$B,"<"&EOMONTH($A11,0)+1, All_Stats!$P:$P,"<>Email Marketing" ) -> 47 | I11: =IFERROR(__xludf.DUMMYFUNCTION("COUNTUNIQUEIFS(All_Stats!A:A, All_Stats!$D:$D,$B11, All_Stats!$B:$B,"">=""&EOMONTH($A11,-1)+1, All_Stats!$B:$B,""<""&EOMONTH($A11,0)+1, All_Stats!$P:$P,""<>Email Marketing"" )"),3.0) -> 3
A12: 45352 | B12: V20 | C12: =if(ifna(VLOOKUP(B12,'Vendor Directory'!A:C,3,0),"NOT FOUND")="","NOT FOUND",VLOOKUP(B12,'Vendor Directory'!A:C,3,0)) -> #N/A | D12: =SUMIFS(All_Stats!$G:$G, All_Stats!$D:$D,$B12, All_Stats!$B:$B,">="&EOMONTH($A12,-1)+1, All_Stats!$B:$B,"<"&EOMONTH($A12,0)+1, All_Stats!$P:$P,"<>Email Marketing" ) -> 134 | E12: =SUMIFS(All_Stats!$I:$I, All_Stats!$D:$D,$B12, All_Stats!$B:$B,">="&EOMONTH($A12,-1)+1, All_Stats!$B:$B,"<"&EOMONTH($A12,0)+1, All_Stats!$P:$P,"<>Email Marketing" ) -> 12 | F12: =iferror(E12/D12,"N/A") -> 0.089552239 | G12: =SUMIFS(All_Stats!$H:$H, All_Stats!$D:$D,$B12, All_Stats!$B:$B,">="&EOMONTH($A12,-1)+1, All_Stats!$B:$B,"<"&EOMONTH($A12,0)+1, All_Stats!$P:$P,"<>Email Marketing" ) -> 60 | H12: =SUMIFS(All_Stats!$K:$K, All_Stats!$D:$D,$B12, All_Stats!$B:$B,">="&EOMONTH($A12,-1)+1, All_Stats!$B:$B,"<"&EOMONTH($A12,0)+1, All_Stats!$P:$P,"<>Email Marketing" ) -> 62 | I12: =IFERROR(__xludf.DUMMYFUNCTION("COUNTUNIQUEIFS(All_Stats!A:A, All_Stats!$D:$D,$B12, All_Stats!$B:$B,"">=""&EOMONTH($A12,-1)+1, All_Stats!$B:$B,""<""&EOMONTH($A12,0)+1, All_Stats!$P:$P,""<>Email Marketing"" )"),11.0) -> 11
A13: 45352 | B13: V4 | C13: =if(ifna(VLOOKUP(B13,'Vendor Directory'!A:C,3,0),"NOT FOUND")="","NOT FOUND",VLOOKUP(B13,'Vendor Directory'!A:C,3,0)) -> Vendor 2 Name | D13: =SUMIFS(All_Stats!$G:$G, All_Stats!$D:$D,$B13, All_Stats!$B:$B,">="&EOMONTH($A13,-1)+1, All_Stats!$B:$B,"<"&EOMONTH($A13,0)+1, All_Stats!$P:$P,"<>Email Marketing" ) -> 0 | E13: =SUMIFS(All_Stats!$I:$I, All_Stats!$D:$D,$B13, All_Stats!$B:$B,">="&EOMONTH($A13,-1)+1, All_Stats!$B:$B,"<"&EOMONTH($A13,0)+1, All_Stats!$P:$P,"<>Email Marketing" ) -> 0 | F13: =iferror(E13/D13,"N/A") -> N/A | G13: =SUMIFS(All_Stats!$H:$H, All_Stats!$D:$D,$B13, All_Stats!$B:$B,">="&EOMONTH($A13,-1)+1, All_Stats!$B:$B,"<"&EOMONTH($A13,0)+1, All_Stats!$P:$P,"<>Email Marketing" ) -> 0 | H13: =SUMIFS(All_Stats!$K:$K, All_Stats!$D:$D,$B13, All_Stats!$B:$B,">="&EOMONTH($A13,-1)+1, All_Stats!$B:$B,"<"&EOMONTH($A13,0)+1, All_Stats!$P:$P,"<>Email Marketing" ) -> 0 | I13: =IFERROR(__xludf.DUMMYFUNCTION("COUNTUNIQUEIFS(All_Stats!A:A, All_Stats!$D:$D,$B13, All_Stats!$B:$B,"">=""&EOMONTH($A13,-1)+1, All_Stats!$B:$B,""<""&EOMONTH($A13,0)+1, All_Stats!$P:$P,""<>Email Marketing"" )"),4.0) -> 4
A14: 45352 | B14: V39 | C14: Data Science IRC | D14: =SUMIFS(All_Stats!$G:$G, All_Stats!$D:$D,$B14, All_Stats!$B:$B,">="&EOMONTH($A14,-1)+1, All_Stats!$B:$B,"<"&EOMONTH($A14,0)+1, All_Stats!$P:$P,"<>Email Marketing" ) -> 6 | E14: =SUMIFS(All_Stats!$I:$I, All_Stats!$D:$D,$B14, All_Stats!$B:$B,">="&EOMONTH($A14,-1)+1, All_Stats!$B:$B,"<"&EOMONTH($A14,0)+1, All_Stats!$P:$P,"<>Email Marketing" ) -> 0 | F14: =iferror(E14/D14,"N/A") -> 0 | G14: =SUMIFS(All_Stats!$H:$H, All_Stats!$D:$D,$B14, All_Stats!$B:$B,">="&EOMONTH($A14,-1)+1, All_Stats!$B:$B,"<"&EOMONTH($A14,0)+1, All_Stats!$P:$P,"<>Email Marketing" ) -> 0 | H14: =SUMIFS(All_Stats!$K:$K, All_Stats!$D:$D,$B14, All_Stats!$B:$B,">="&EOMONTH($A14,-1)+1, All_Stats!$B:$B,"<"&EOMONTH($A14,0)+1, All_Stats!$P:$P,"<>Email Marketing" ) -> 6 | I14: =IFERROR(__xludf.DUMMYFUNCTION("COUNTUNIQUEIFS(All_Stats!A:A, All_Stats!$D:$D,$B14, All_Stats!$B:$B,"">=""&EOMONTH($A14,-1)+1, All_Stats!$B:$B,""<""&EOMONTH($A14,0)+1, All_Stats!$P:$P,""<>Email Marketing"" )"),8.0) -> 8
A15: 45352 | B15: T2 | C15: Phillipines Team | D15: =SUMIFS(All_Stats!$G:$G, All_Stats!$D:$D,$B15, All_Stats!$B:$B,">="&EOMONTH($A15,-1)+1, All_Stats!$B:$B,"<"&EOMONTH($A15,0)+1, All_Stats!$P:$P,"<>Email Marketing" ) -> 2 | E15: =SUMIFS(All_Stats!$I:$I, All_Stats!$D:$D,$B15, All_Stats!$B:$B,">="&EOMONTH($A15,-1)+1, All_Stats!$B:$B,"<"&EOMONTH($A15,0)+1, All_Stats!$P:$P,"<>Email Marketing" ) -> 0 | F15: =iferror(E15/D15,"N/A") -> 0 | G15: =SUMIFS(All_Stats!$H:$H, All_Stats!$D:$D,$B15, All_Stats!$B:$B,">="&EOMONTH($A15,-1)+1, All_Stats!$B:$B,"<"&EOMONTH($A15,0)+1, All_Stats!$P:$P,"<>Email Marketing" ) -> 0 | H15: =SUMIFS(All_Stats!$K:$K, All_Stats!$D:$D,$B15, All_Stats!$B:$B,">="&EOMONTH($A15,-1)+1, All_Stats!$B:$B,"<"&EOMONTH($A15,0)+1, All_Stats!$P:$P,"<>Email Marketing" ) -> 2 | I15: =IFERROR(__xludf.DUMMYFUNCTION("COUNTUNIQUEIFS(All_Stats!A:A, All_Stats!$D:$D,$B15, All_Stats!$B:$B,"">=""&EOMONTH($A15,-1)+1, All_Stats!$B:$B,""<""&EOMONTH($A15,0)+1, All_Stats!$P:$P,""<>Email Marketing"" )"),1.0) -> 1
A16: 45352 | B16: V38 | C16: EvolveBPM | D16: =SUMIFS(All_Stats!$G:$G, All_Stats!$D:$D,$B16, All_Stats!$B:$B,">="&EOMONTH($A16,-1)+1, All_Stats!$B:$B,"<"&EOMONTH($A16,0)+1, All_Stats!$P:$P,"<>Email Marketing" ) -> 0 | E16: =SUMIFS(All_Stats!$I:$I, All_Stats!$D:$D,$B16, All_Stats!$B:$B,">="&EOMONTH($A16,-1)+1, All_Stats!$B:$B,"<"&EOMONTH($A16,0)+1, All_Stats!$P:$P,"<>Email Marketing" ) -> 0 | F16: =iferror(E16/D16,"N/A") -> N/A | G16: =SUMIFS(All_Stats!$H:$H, All_Stats!$D:$D,$B16, All_Stats!$B:$B,">="&EOMONTH($A16,-1)+1, All_Stats!$B:$B,"<"&EOMONTH($A16,0)+1, All_Stats!$P:$P,"<>Email Marketing" ) -> 0 | H16: =SUMIFS(All_Stats!$K:$K, All_Stats!$D:$D,$B16, All_Stats!$B:$B,">="&EOMONTH($A16,-1)+1, All_Stats!$B:$B,"<"&EOMONTH($A16,0)+1, All_Stats!$P:$P,"<>Email Marketing" ) -> 0 | I16: =IFERROR(__xludf.DUMMYFUNCTION("COUNTUNIQUEIFS(All_Stats!A:A, All_Stats!$D:$D,$B16, All_Stats!$B:$B,"">=""&EOMONTH($A16,-1)+1, All_Stats!$B:$B,""<""&EOMONTH($A16,0)+1, All_Stats!$P:$P,""<>Email Marketing"" )"),2.0) -> 2
A17: 45352 | B17: V36 | C17: Coleda | D17: =SUMIFS(All_Stats!$G:$G, All_Stats!$D:$D,$B17, All_Stats!$B:$B,">="&EOMONTH($A17,-1)+1, All_Stats!$B:$B,"<"&EOMONTH($A17,0)+1, All_Stats!$P:$P,"<>Email Marketing" ) -> 0 | E17: =SUMIFS(All_Stats!$I:$I, All_Stats!$D:$D,$B17, All_Stats!$B:$B,">="&EOMONTH($A17,-1)+1, All_Stats!$B:$B,"<"&EOMONTH($A17,0)+1, All_Stats!$P:$P,"<>Email Marketing" ) -> 0 | F17: =iferror(E17/D17,"N/A") -> N/A | G17: =SUMIFS(All_Stats!$H:$H, All_Stats!$D:$D,$B17, All_Stats!$B:$B,">="&EOMONTH($A17,-1)+1, All_Stats!$B:$B,"<"&EOMONTH($A17,0)+1, All_Stats!$P:$P,"<>Email Marketing" ) -> 0 | H17: =SUMIFS(All_Stats!$K:$K, All_Stats!$D:$D,$B17, All_Stats!$B:$B,">="&EOMONTH($A17,-1)+1, All_Stats!$B:$B,"<"&EOMONTH($A17,0)+1, All_Stats!$P:$P,"<>Email Marketing" ) -> 0 | I17: =IFERROR(__xludf.DUMMYFUNCTION("COUNTUNIQUEIFS(All_Stats!A:A, All_Stats!$D:$D,$B17, All_Stats!$B:$B,"">=""&EOMONTH($A17,-1)+1, All_Stats!$B:$B,""<""&EOMONTH($A17,0)+1, All_Stats!$P:$P,""<>Email Marketing"" )"),1.0) -> 1
C18: Total | D18: =SUM(D9:D16) -> 358 | E18: =SUM(E9:E16) -> 61 | F18: =iferror(E18/D18,"N/A") -> 0.17039106 | G18: =SUM(G9:G16) -> 131 | H18: =SUM(H9:H16) -> 166
D20: =D6+D18 -> 2169 | E20: =E6+E18 -> 329 | G20: =G6+G18 -> 358 | H20: =H6+H18 -> 1482

Sheet Copy of Montly Stats
A1: 2021
A2: Month | B2: Vendor ID | C2: Vendor Name | D2: Delivered | E2: Rejected | F2: Rejection Rate | G2: Accepted | H2: Pending | I2: N Unique CIDS | K2: Total N Unique Cids
A3: 44287 | B3: V1 | C3: =if(ifna(VLOOKUP(B3,'Vendor Directory'!A:C,3,0),"NOT FOUND")="","NOT FOUND",VLOOKUP(B3,'Vendor Directory'!A:C,3,0)) -> #N/A | D3: =SUMIFS(All_Stats!$G:$G, All_Stats!$D:$D,$B3, All_Stats!$B:$B,">="&EOMONTH($A3,-1)+1, All_Stats!$B:$B,"<"&EOMONTH($A3,0)+1 ) -> 0 | E3: =SUMIFS(All_Stats!$I:$I, All_Stats!$D:$D,$B3, All_Stats!$B:$B,">="&EOMONTH($A3,-1)+1, All_Stats!$B:$B,"<"&EOMONTH($A3,0)+1 ) -> 0 | F3: =iferror(E3/D3,"N/A") -> N/A | G3: =SUMIFS(All_Stats!$H:$H, All_Stats!$D:$D,$B3, All_Stats!$B:$B,">="&EOMONTH($A3,-1)+1, All_Stats!$B:$B,"<"&EOMONTH($A3,0)+1 ) -> 0 | H3: =SUMIFS(All_Stats!$K:$K, All_Stats!$D:$D,$B3, All_Stats!$B:$B,">="&EOMONTH($A3,-1)+1, All_Stats!$B:$B,"<"&EOMONTH($A3,0)+1 ) -> 0 | I3: =IFERROR(__xludf.DUMMYFUNCTION("COUNTUNIQUEIFS(All_Stats!A:A, All_Stats!$D:$D,$B3, All_Stats!$B:$B,"">=""&EOMONTH($A3,-1)+1, All_Stats!$B:$B,""<""&EOMONTH($A3,0)+1)"),0.0) -> 0 | K3: =IFERROR(__xludf.DUMMYFUNCTION("COUNTUNIQUEIFS(All_Stats!A:A, All_Stats!$B:$B,"">=""&EOMONTH($A3,-1)+1, All_Stats!$B:$B,""<""&EOMONTH($A3,0)+1)"),0.0) -> 0
A4: 44287 | B4: V2 | C4: =if(ifna(VLOOKUP(B4,'Vendor Directory'!A:C,3,0),"NOT FOUND")="","NOT FOUND",VLOOKUP(B4,'Vendor Directory'!A:C,3,0)) -> #N/A | D4: =SUMIFS(All_Stats!$G:$G, All_Stats!$D:$D,$B4, All_Stats!$B:$B,">="&EOMONTH($A4,-1)+1, All_Stats!$B:$B,"<"&EOMONTH($A4,0)+1 ) -> 0 | E4: =SUMIFS(All_Stats!$I:$I, All_Stats!$D:$D,$B4, All_Stats!$B:$B,">="&EOMONTH($A4,-1)+1, All_Stats!$B:$B,"<"&EOMONTH($A4,0)+1 ) -> 0 | F4: =iferror(E4/D4,"N/A") -> N/A | G4: =SUMIFS(All_Stats!$H:$H, All_Stats!$D:$D,$B4, All_Stats!$B:$B,">="&EOMONTH($A4,-1)+1, All_Stats!$B:$B,"<"&EOMONTH($A4,0)+1 ) -> 0 | H4: =SUMIFS(All_Stats!$K:$K, All_Stats!$D:$D,$B4, All_Stats!$B:$B,">="&EOMONTH($A4,-1)+1, All_Stats!$B:$B,"<"&EOMONTH($A4,0)+1 ) -> 0 | I4: =IFERROR(__xludf.DUMMYFUNCTION("COUNTUNIQUEIFS(All_Stats!A:A, All_Stats!$D:$D,$B4, All_Stats!$B:$B,"">=""&EOMONTH($A4,-1)+1, All_Stats!$B:$B,""<""&EOMONTH($A4,0)+1)"),0.0) -> 0
A5: 44287 | B5: V3 | C5: =if(ifna(VLOOKUP(B5,'Vendor Directory'!A:C,3,0),"NOT FOUND")="","NOT FOUND",VLOOKUP(B5,'Vendor Directory'!A:C,3,0)) -> #N/A | D5: =SUMIFS(All_Stats!$G:$G, All_Stats!$D:$D,$B5, All_Stats!$B:$B,">="&EOMONTH($A5,-1)+1, All_Stats!$B:$B,"<"&EOMONTH($A5,0)+1 ) -> 0 | E5: =SUMIFS(All_Stats!$I:$I, All_Stats!$D:$D,$B5, All_Stats!$B:$B,">="&EOMONTH($A5,-1)+1, All_Stats!$B:$B,"<"&EOMONTH($A5,0)+1 ) -> 0 | F5: =iferror(E5/D5,"N/A") -> N/A | G5: =SUMIFS(All_Stats!$H:$H, All_Stats!$D:$D,$B5, All_Stats!$B:$B,">="&EOMONTH($A5,-1)+1, All_Stats!$B:$B,"<"&EOMONTH($A5,0)+1 ) -> 0 | H5: =SUMIFS(All_Stats!$K:$K, All_Stats!$D:$D,$B5, All_Stats!$B:$B,">="&EOMONTH($A5,-1)+1, All_Stats!$B:$B,"<"&EOMONTH($A5,0)+1 ) -> 0 | I5: =IFERROR(__xludf.DUMMYFUNCTION("COUNTUNIQUEIFS(All_Stats!A:A, All_Stats!$D:$D,$B5, All_Stats!$B:$B,"">=""&EOMONTH($A5,-1)+1, All_Stats!$B:$B,""<""&EOMONTH($A5,0)+1)"),0.0) -> 0
A6: 44287 | B6: V4 | C6: =if(ifna(VLOOKUP(B6,'Vendor Directory'!A:C,3,0),"NOT FOUND")="","NOT FOUND",VLOOKUP(B6,'Vendor Directory'!A:C,3,0)) -> Vendor 2 Name | D6: =SUMIFS(All_Stats!$G:$G, All_Stats!$D:$D,$B6, All_Stats!$B:$B,">="&EOMONTH($A6,-1)+1, All_Stats!$B:$B,"<"&EOMONTH($A6,0)+1 ) -> 0 | E6: =SUMIFS(All_Stats!$I:$I, All_Stats!$D:$D,$B6, All_Stats!$B:$B,">="&EOMONTH($A6,-1)+1, All_Stats!$B:$B,"<"&EOMONTH($A6,0)+1 ) -> 0 | F6: =iferror(E6/D6,"N/A") -> N/A | G6: =SUMIFS(All_Stats!$H:$H, All_Stats!$D:$D,$B6, All_Stats!$B:$B,">="&EOMONTH($A6,-1)+1, All_Stats!$B:$B,"<"&EOMONTH($A6,0)+1 ) -> 0 | H6: =SUMIFS(All_Stats!$K:$K, All_Stats!$D:$D,$B6, All_Stats!$B:$B,">="&EOMONTH($A6,-1)+1, All_Stats!$B:$B,"<"&EOMONTH($A6,0)+1 ) -> 0 | I6: =IFERROR(__xludf.DUMMYFUNCTION("COUNTUNIQUEIFS(All_Stats!A:A, All_Stats!$D:$D,$B6, All_Stats!$B:$B,"">=""&EOMONTH($A6,-1)+1, All_Stats!$B:$B,""<""&EOMONTH($A6,0)+1)"),0.0) -> 0
A7: 44287 | B7: V5 | C7: =if(ifna(VLOOKUP(B7,'Vendor Directory'!A:C,3,0),"NOT FOUND")="","NOT FOUND",VLOOKUP(B7,'Vendor Directory'!A:C,3,0)) -> #N/A | D7: =SUMIFS(All_Stats!$G:$G, All_Stats!$D:$D,$B7, All_Stats!$B:$B,">="&EOMONTH($A7,-1)+1, All_Stats!$B:$B,"<"&EOMONTH($A7,0)+1 ) -> 0 | E7: =SUMIFS(All_Stats!$I:$I, All_Stats!$D:$D,$B7, All_Stats!$B:$B,">="&EOMONTH($A7,-1)+1, All_Stats!$B:$B,"<"&EOMONTH($A7,0)+1 ) -> 0 | F7: =iferror(E7/D7,"N/A") -> N/A | G7: =SUMIFS(All_Stats!$H:$H, All_Stats!$D:$D,$B7, All_Stats!$B:$B,">="&EOMONTH($A7,-1)+1, All_Stats!$B:$B,"<"&EOMONTH($A7,0)+1 ) -> 0 | H7: =SUMIFS(All_Stats!$K:$K, All_Stats!$D:$D,$B7, All_Stats!$B:$B,">="&EOMONTH($A7,-1)+1, All_Stats!$B:$B,"<"&EOMONTH($A7,0)+1 ) -> 0 | I7: =IFERROR(__xludf.DUMMYFUNCTION("COUNTUNIQUEIFS(All_Stats!A:A, All_Stats!$D:$D,$B7, All_Stats!$B:$B,"">=""&EOMONTH($A7,-1)+1, All_Stats!$B:$B,""<""&EOMONTH($A7,0)+1)"),0.0) -> 0
A8: 44287 | B8: V6 | C8: =if(ifna(VLOOKUP(B8,'Vendor Directory'!A:C,3,0),"NOT FOUND")="","NOT FOUND",VLOOKUP(B8,'Vendor Directory'!A:C,3,0)) -> #N/A | D8: =SUMIFS(All_Stats!$G:$G, All_Stats!$D:$D,$B8, All_Stats!$B:$B,">="&EOMONTH($A8,-1)+1, All_Stats!$B:$B,"<"&EOMONTH($A8,0)+1 ) -> 0 | E8: =SUMIFS(All_Stats!$I:$I, All_Stats!$D:$D,$B8, All_Stats!$B:$B,">="&EOMONTH($A8,-1)+1, All_Stats!$B:$B,"<"&EOMONTH($A8,0)+1 ) -> 0 | F8: =iferror(E8/D8,"N/A") -> N/A | G8: =SUMIFS(All_Stats!$H:$H, All_Stats!$D:$D,$B8, All_Stats!$B:$B,">="&EOMONTH($A8,-1)+1, All_Stats!$B:$B,"<"&EOMONTH($A8,0)+1 ) -> 0 | H8: =SUMIFS(All_Stats!$K:$K, All_Stats!$D:$D,$B8, All_Stats!$B:$B,">="&EOMONTH($A8,-1)+1, All_Stats!$B:$B,"<"&EOMONTH($A8,0)+1 ) -> 0 | I8: =IFERROR(__xludf.DUMMYFUNCTION("COUNTUNIQUEIFS(All_Stats!A:A, All_Stats!$D:$D,$B8, All_Stats!$B:$B,"">=""&EOMONTH($A8,-1)+1, All_Stats!$B:$B,""<""&EOMONTH($A8,0)+1)"),0.0) -> 0
A9: 44287 | B9: V9 | C9: =if(ifna(VLOOKUP(B9,'Vendor Directory'!A:C,3,0),"NOT FOUND")="","NOT FOUND",VLOOKUP(B9,'Vendor Directory'!A:C,3,0)) -> Vendor 3 Name | D9: =SUMIFS(All_Stats!$G:$G, All_Stats!$D:$D,$B9, All_Stats!$B:$B,">="&EOMONTH($A9,-1)+1, All_Stats!$B:$B,"<"&EOMONTH($A9,0)+1 ) -> 0 | E9: =SUMIFS(All_Stats!$I:$I, All_Stats!$D:$D,$B9, All_Stats!$B:$B,">="&EOMONTH($A9,-1)+1, All_Stats!$B:$B,"<"&EOMONTH($A9,0)+1 ) -> 0 | F9: =iferror(E9/D9,"N/A") -> N/A | G9: =SUMIFS(All_Stats!$H:$H, All_Stats!$D:$D,$B9, All_Stats!$B:$B,">="&EOMONTH($A9,-1)+1, All_Stats!$B:$B,"<"&EOMONTH($A9,0)+1 ) -> 0 | H9: =SUMIFS(All_Stats!$K:$K, All_Stats!$D:$D,$B9, All_Stats!$B:$B,">="&EOMONTH($A9,-1)+1, All_Stats!$B:$B,"<"&EOMONTH($A9,0)+1 ) -> 0 | I9: =IFERROR(__xludf.DUMMYFUNCTION("COUNTUNIQUEIFS(All_Stats!A:A, All_Stats!$D:$D,$B9, All_Stats!$B:$B,"">=""&EOMONTH($A9,-1)+1, All_Stats!$B:$B,""<""&EOMONTH($A9,0)+1)"),0.0) -> 0
A10: 44287 | B10: V10 | C10: =if(ifna(VLOOKUP(B10,'Vendor Directory'!A:C,3,0),"NOT FOUND")="","NOT FOUND",VLOOKUP(B10,'Vendor Directory'!A:C,3,0)) -> Vendor 4 Name | D10: =SUMIFS(All_Stats!$G:$G, All_Stats!$D:$D,$B10, All_Stats!$B:$B,">="&EOMONTH($A10,-1)+1, All_Stats!$B:$B,"<"&EOMONTH($A10,0)+1 ) -> 0 | E10: =SUMIFS(All_Stats!$I:$I, All_Stats!$D:$D,$B10, All_Stats!$B:$B,">="&EOMONTH($A10,-1)+1, All_Stats!$B:$B,"<"&EOMONTH($A10,0)+1 ) -> 0 | F10: =iferror(E10/D10,"N/A") -> N/A | G10: =SUMIFS(All_Stats!$H:$H, All_Stats!$D:$D,$B10, All_Stats!$B:$B,">="&EOMONTH($A10,-1)+1, All_Stats!$B:$B,"<"&EOMONTH($A10,0)+1 ) -> 0 | H10: =SUMIFS(All_Stats!$K:$K, All_Stats!$D:$D,$B10, All_Stats!$B:$B,">="&EOMONTH($A10,-1)+1, All_Stats!$B:$B,"<"&EOMONTH($A10,0)+1 ) -> 0 | I10: =IFERROR(__xludf.DUMMYFUNCTION("COUNTUNIQUEIFS(All_Stats!A:A, All_Stats!$D:$D,$B10, All_Stats!$B:$B,"">=""&EOMONTH($A10,-1)+1, All_Stats!$B:$B,""<""&EOMONTH($A10,0)+1)"),0.0) -> 0
A11: 44287 | B11: V11 | C11: =if(ifna(VLOOKUP(B11,'Vendor Directory'!A:C,3,0),"NOT FOUND")="","NOT FOUND",VLOOKUP(B11,'Vendor Directory'!A:C,3,0)) -> #N/A | D11: =SUMIFS(All_Stats!$G:$G, All_Stats!$D:$D,$B11, All_Stats!$B:$B,">="&EOMONTH($A11,-1)+1, All_Stats!$B:$B,"<"&EOMONTH($A11,0)+1 ) -> 0 | E11: =SUMIFS(All_Stats!$I:$I, All_Stats!$D:$D,$B11, All_Stats!$B:$B,">="&EOMONTH($A11,-1)+1, All_Stats!$B:$B,"<"&EOMONTH($A11,0)+1 ) -> 0 | F11: =iferror(E11/D11,"N/A") -> N/A | G11: =SUMIFS(All_Stats!$H:$H, All_Stats!$D:$D,$B11, All_Stats!$B:$B,">="&EOMONTH($A11,-1)+1, All_Stats!$B:$B,"<"&EOMONTH($A11,0)+1 ) -> 0 | H11: =SUMIFS(All_Stats!$K:$K, All_Stats!$D:$D,$B11, All_Stats!$B:$B,">="&EOMONTH($A11,-1)+1, All_Stats!$B:$B,"<"&EOMONTH($A11,0)+1 ) -> 0 | I11: =IFERROR(__xludf.DUMMYFUNCTION("COUNTUNIQUEIFS(All_Stats!A:A, All_Stats!$D:$D,$B11, All_Stats!$B:$B,"">=""&EOMONTH($A11,-1)+1, All_Stats!$B:$B,""<""&EOMONTH($A11,0)+1)"),0.0) -> 0
A12: 44287 | B12: V13 | C12: =if(ifna(VLOOKUP(B12,'Vendor Directory'!A:C,3,0),"NOT FOUND")="","NOT FOUND",VLOOKUP(B12,'Vendor Directory'!A:C,3,0)) -> #N/A | D12: =SUMIFS(All_Stats!$G:$G, All_Stats!$D:$D,$B12, All_Stats!$B:$B,">="&EOMONTH($A12,-1)+1, All_Stats!$B:$B,"<"&EOMONTH($A12,0)+1 ) -> 0 | E12: =SUMIFS(All_Stats!$I:$I, All_Stats!$D:$D,$B12, All_Stats!$B:$B,">="&EOMONTH($A12,-1)+1, All_Stats!$B:$B,"<"&EOMONTH($A12,0)+1 ) -> 0 | F12: =iferror(E12/D12,"N/A") -> N/A | G12: =SUMIFS(All_Stats!$H:$H, All_Stats!$D:$D,$B12, All_Stats!$B:$B,">="&EOMONTH($A12,-1)+1, All_Stats!$B:$B,"<"&EOMONTH($A12,0)+1 ) -> 0 | H12: =SUMIFS(All_Stats!$K:$K, All_Stats!$D:$D,$B12, All_Stats!$B:$B,">="&EOMONTH($A12,-1)+1, All_Stats!$B:$B,"<"&EOMONTH($A12,0)+1 ) -> 0 | I12: =IFERROR(__xludf.DUMMYFUNCTION("COUNTUNIQUEIFS(All_Stats!A:A, All_Stats!$D:$D,$B12, All_Stats!$B:$B,"">=""&EOMONTH($A12,-1)+1, All_Stats!$B:$B,""<""&EOMONTH($A12,0)+1)"),0.0) -> 0
A13: 44287 | B13: V15 | C13: =if(ifna(VLOOKUP(B13,'Vendor Directory'!A:C,3,0),"NOT FOUND")="","NOT FOUND",VLOOKUP(B13,'Vendor Directory'!A:C,3,0)) -> #N/A | D13: =SUMIFS(All_Stats!$G:$G, All_Stats!$D:$D,$B13, All_Stats!$B:$B,">="&EOMONTH($A13,-1)+1, All_Stats!$B:$B,"<"&EOMONTH($A13,0)+1 ) -> 0 | E13: =SUMIFS(All_Stats!$I:$I, All_Stats!$D:$D,$B13, All_Stats!$B:$B,">="&EOMONTH($A13,-1)+1, All_Stats!$B:$B,"<"&EOMONTH($A13,0)+1 ) -> 0 | F13: =iferror(E13/D13,"N/A") -> N/A | G13: =SUMIFS(All_Stats!$H:$H, All_Stats!$D:$D,$B13, All_Stats!$B:$B,">="&EOMONTH($A13,-1)+1, All_Stats!$B:$B,"<"&EOMONTH($A13,0)+1 ) -> 0 | H13: =SUMIFS(All_Stats!$K:$K, All_Stats!$D:$D,$B13, All_Stats!$B:$B,">="&EOMONTH($A13,-1)+1, All_Stats!$B:$B,"<"&EOMONTH($A13,0)+1 ) -> 0 | I13: =IFERROR(__xludf.DUMMYFUNCTION("COUNTUNIQUEIFS(All_Stats!A:A, All_Stats!$D:$D,$B13, All_Stats!$B:$B,"">=""&EOMONTH($A13,-1)+1, All_Stats!$B:$B,""<""&EOMONTH($A13,0)+1)"),0.0) -> 0
A14: 44287 | B14: V17 | C14: =if(ifna(VLOOKUP(B14,'Vendor Directory'!A:C,3,0),"NOT FOUND")="","NOT FOUND",VLOOKUP(B14,'Vendor Directory'!A:C,3,0)) -> #N/A | D14: =SUMIFS(All_Stats!$G:$G, All_Stats!$D:$D,$B14, All_Stats!$B:$B,">="&EOMONTH($A14,-1)+1, All_Stats!$B:$B,"<"&EOMONTH($A14,0)+1 ) -> 0 | E14: =SUMIFS(All_Stats!$I:$I, All_Stats!$D:$D,$B14, All_Stats!$B:$B,">="&EOMONTH($A14,-1)+1, All_Stats!$B:$B,"<"&EOMONTH($A14,0)+1 ) -> 0 | F14: =iferror(E14/D14,"N/A") -> N/A | G14: =SUMIFS(All_Stats!$H:$H, All_Stats!$D:$D,$B14, All_Stats!$B:$B,">="&EOMONTH($A14,-1)+1, All_Stats!$B:$B,"<"&EOMONTH($A14,0)+1 ) -> 0 | H14: =SUMIFS(All_Stats!$K:$K, All_Stats!$D:$D,$B14, All_Stats!$B:$B,">="&EOMONTH($A14,-1)+1, All_Stats!$B:$B,"<"&EOMONTH($A14,0)+1 ) -> 0 | I14: =IFERROR(__xludf.DUMMYFUNCTION("COUNTUNIQUEIFS(All_Stats!A:A, All_Stats!$D:$D,$B14, All_Stats!$B:$B,"">=""&EOMONTH($A14,-1)+1, All_Stats!$B:$B,""<""&EOMONTH($A14,0)+1)"),0.0) -> 0
A15: 44287 | B15: V19 | C15: =if(ifna(VLOOKUP(B15,'Vendor Directory'!A:C,3,0),"NOT FOUND")="","NOT FOUND",VLOOKUP(B15,'Vendor Directory'!A:C,3,0)) -> #N/A | D15: =SUMIFS(All_Stats!$G:$G, All_Stats!$D:$D,$B15, All_Stats!$B:$B,">="&EOMONTH($A15,-1)+1, All_Stats!$B:$B,"<"&EOMONTH($A15,0)+1 ) -> 0 | E15: =SUMIFS(All_Stats!$I:$I, All_Stats!$D:$D,$B15, All_Stats!$B:$B,">="&EOMONTH($A15,-1)+1, All_Stats!$B:$B,"<"&EOMONTH($A15,0)+1 ) -> 0 | F15: =iferror(E15/D15,"N/A") -> N/A | G15: =SUMIFS(All_Stats!$H:$H, All_Stats!$D:$D,$B15, All_Stats!$B:$B,">="&EOMONTH($A15,-1)+1, All_Stats!$B:$B,"<"&EOMONTH($A15,0)+1 ) -> 0 | H15: =SUMIFS(All_Stats!$K:$K, All_Stats!$D:$D,$B15, All_Stats!$B:$B,">="&EOMONTH($A15,-1)+1, All_Stats!$B:$B,"<"&EOMONTH($A15,0)+1 ) -> 0 | I15: =IFERROR(__xludf.DUMMYFUNCTION("COUNTUNIQUEIFS(All_Stats!A:A, All_Stats!$D:$D,$B15, All_Stats!$B:$B,"">=""&EOMONTH($A15,-1)+1, All_Stats!$B:$B,""<""&EOMONTH($A15,0)+1)"),0.0) -> 0
A16: 44287 | B16: V20 | C16: =if(ifna(VLOOKUP(B16,'Vendor Directory'!A:C,3,0),"NOT FOUND")="","NOT FOUND",VLOOKUP(B16,'Vendor Directory'!A:C,3,0)) -> #N/A | D16: =SUMIFS(All_Stats!$G:$G, All_Stats!$D:$D,$B16, All_Stats!$B:$B,">="&EOMONTH($A16,-1)+1, All_Stats!$B:$B,"<"&EOMONTH($A16,0)+1 ) -> 0 | E16: =SUMIFS(All_Stats!$I:$I, All_Stats!$D:$D,$B16, All_Stats!$B:$B,">="&EOMONTH($A16,-1)+1, All_Stats!$B:$B,"<"&EOMONTH($A16,0)+1 ) -> 0 | F16: =iferror(E16/D16,"N/A") -> N/A | G16: =SUMIFS(All_Stats!$H:$H, All_Stats!$D:$D,$B16, All_Stats!$B:$B,">="&EOMONTH($A16,-1)+1, All_Stats!$B:$B,"<"&EOMONTH($A16,0)+1 ) -> 0 | H16: =SUMIFS(All_Stats!$K:$K, All_Stats!$D:$D,$B16, All_Stats!$B:$B,">="&EOMONTH($A16,-1)+1, All_Stats!$B:$B,"<"&EOMONTH($A16,0)+1 ) -> 0 | I16: =IFERROR(__xludf.DUMMYFUNCTION("COUNTUNIQUEIFS(All_Stats!A:A, All_Stats!$D:$D,$B16, All_Stats!$B:$B,"">=""&EOMONTH($A16,-1)+1, All_Stats!$B:$B,""<""&EOMONTH($A16,0)+1)"),0.0) -> 0
A17: 44287 | B17: V22 | C17: =if(ifna(VLOOKUP(B17,'Vendor Directory'!A:C,3,0),"NOT FOUND")="","NOT FOUND",VLOOKUP(B17,'Vendor Directory'!A:C,3,0)) -> #N/A | D17: =SUMIFS(All_Stats!$G:$G, All_Stats!$D:$D,$B17, All_Stats!$B:$B,">="&EOMONTH($A17,-1)+1, All_Stats!$B:$B,"<"&EOMONTH($A17,0)+1 ) -> 0 | E17: =SUMIFS(All_Stats!$I:$I, All_Stats!$D:$D,$B17, All_Stats!$B:$B,">="&EOMONTH($A17,-1)+1, All_Stats!$B:$B,"<"&EOMONTH($A17,0)+1 ) -> 0 | F17: =iferror(E17/D17,"N/A") -> N/A | G17: =SUMIFS(All_Stats!$H:$H, All_Stats!$D:$D,$B17, All_Stats!$B:$B,">="&EOMONTH($A17,-1)+1, All_Stats!$B:$B,"<"&EOMONTH($A17,0)+1 ) -> 0 | H17: =SUMIFS(All_Stats!$K:$K, All_Stats!$D:$D,$B17, All_Stats!$B:$B,">="&EOMONTH($A17,-1)+1, All_Stats!$B:$B,"<"&EOMONTH($A17,0)+1 ) -> 0 | I17: =IFERROR(__xludf.DUMMYFUNCTION("COUNTUNIQUEIFS(All_Stats!A:A, All_Stats!$D:$D,$B17, All_Stats!$B:$B,"">=""&EOMONTH($A17,-1)+1, All_Stats!$B:$B,""<""&EOMONTH($A17,0)+1)"),0.0) -> 0
A18: 44287 | B18: V23 | C18: =if(ifna(VLOOKUP(B18,'Vendor Directory'!A:C,3,0),"NOT FOUND")="","NOT FOUND",VLOOKUP(B18,'Vendor Directory'!A:C,3,0)) -> #N/A | D18: =SUMIFS(All_Stats!$G:$G, All_Stats!$D:$D,$B18, All_Stats!$B:$B,">="&EOMONTH($A18,-1)+1, All_Stats!$B:$B,"<"&EOMONTH($A18,0)+1 ) -> 0 | E18: =SUMIFS(All_Stats!$I:$I, All_Stats!$D:$D,$B18, All_Stats!$B:$B,">="&EOMONTH($A18,-1)+1, All_Stats!$B:$B,"<"&EOMONTH($A18,0)+1 ) -> 0 | F18: =iferror(E18/D18,"N/A") -> N/A | G18: =SUMIFS(All_Stats!$H:$H, All_Stats!$D:$D,$B18, All_Stats!$B:$B,">="&EOMONTH($A18,-1)+1, All_Stats!$B:$B,"<"&EOMONTH($A18,0)+1 ) -> 0 | H18: =SUMIFS(All_Stats!$K:$K, All_Stats!$D:$D,$B18, All_Stats!$B:$B,">="&EOMONTH($A18,-1)+1, All_Stats!$B:$B,"<"&EOMONTH($A18,0)+1 ) -> 0 | I18: =IFERROR(__xludf.DUMMYFUNCTION("COUNTUNIQUEIFS(All_Stats!A:A, All_Stats!$D:$D,$B18, All_Stats!$B:$B,"">=""&EOMONTH($A18,-1)+1, All_Stats!$B:$B,""<""&EOMONTH($A18,0)+1)"),0.0) -> 0
A19: 44287 | B19: V24 | C19: =if(ifna(VLOOKUP(B19,'Vendor Directory'!A:C,3,0),"NOT FOUND")="","NOT FOUND",VLOOKUP(B19,'Vendor Directory'!A:C,3,0)) -> #N/A | D19: =SUMIFS(All_Stats!$G:$G, All_Stats!$D:$D,$B19, All_Stats!$B:$B,">="&EOMONTH($A19,-1)+1, All_Stats!$B:$B,"<"&EOMONTH($A19,0)+1 ) -> 0 | E19: =SUMIFS(All_Stats!$I:$I, All_Stats!$D:$D,$B19, All_Stats!$B:$B,">="&EOMONTH($A19,-1)+1, All_Stats!$B:$B,"<"&EOMONTH($A19,0)+1 ) -> 0 | F19: =iferror(E19/D19,"N/A") -> N/A | G19: =SUMIFS(All_Stats!$H:$H, All_Stats!$D:$D,$B19, All_Stats!$B:$B,">="&EOMONTH($A19,-1)+1, All_Stats!$B:$B,"<"&EOMONTH($A19,0)+1 ) -> 0 | H19: =SUMIFS(All_Stats!$K:$K, All_Stats!$D:$D,$B19, All_Stats!$B:$B,">="&EOMONTH($A19,-1)+1, All_Stats!$B:$B,"<"&EOMONTH($A19,0)+1 ) -> 0 | I19: =IFERROR(__xludf.DUMMYFUNCTION("COUNTUNIQUEIFS(All_Stats!A:A, All_Stats!$D:$D,$B19, All_Stats!$B:$B,"">=""&EOMONTH($A19,-1)+1, All_Stats!$B:$B,""<""&EOMONTH($A19,0)+1)"),0.0) -> 0
A20: 44287 | B20: V27 | C20: =if(ifna(VLOOKUP(B20,'Vendor Directory'!A:C,3,0),"NOT FOUND")="","NOT FOUND",VLOOKUP(B20,'Vendor Directory'!A:C,3,0)) -> #N/A | D20: =SUMIFS(All_Stats!$G:$G, All_Stats!$D:$D,$B20, All_Stats!$B:$B,">="&EOMONTH($A20,-1)+1, All_Stats!$B:$B,"<"&EOMONTH($A20,0)+1 ) -> 0 | E20: =SUMIFS(All_Stats!$I:$I, All_Stats!$D:$D,$B20, All_Stats!$B:$B,">="&EOMONTH($A20,-1)+1, All_Stats!$B:$B,"<"&EOMONTH($A20,0)+1 ) -> 0 | F20: =iferror(E20/D20,"N/A") -> N/A | G20: =SUMIFS(All_Stats!$H:$H, All_Stats!$D:$D,$B20, All_Stats!$B:$B,">="&EOMONTH($A20,-1)+1, All_Stats!$B:$B,"<"&EOMONTH($A20,0)+1 ) -> 0 | H20: =SUMIFS(All_Stats!$K:$K, All_Stats!$D:$D,$B20, All_Stats!$B:$B,">="&EOMONTH($A20,-1)+1, All_Stats!$B:$B,"<"&EOMONTH($A20,0)+1 ) -> 0 | I20: =IFERROR(__xludf.DUMMYFUNCTION("COUNTUNIQUEIFS(All_Stats!A:A, All_Stats!$D:$D,$B20, All_Stats!$B:$B,"">=""&EOMONTH($A20,-1)+1, All_Stats!$B:$B,""<""&EOMONTH($A20,0)+1)"),0.0) -> 0
C21: Total | D21: =SUM(D3:D20) -> 0 | E21: =SUM(E3:E20) -> 0 | F21: =iferror(E21/D21,"N/A") -> N/A | G21: =SUM(G3:G20) -> 0 | H21: =SUM(H3:H20) -> 0 | I21: =IFERROR(__xludf.DUMMYFUNCTION("COUNTUNIQUEIFS(All_Stats!A:A, All_Stats!$B:$B,"">=""&EOMONTH($A3,-1)+1, All_Stats!$B:$B,""<""&EOMONTH($A3,0)+1)"),0.0) -> 0
C23: Email marketing
A24: Month | B24: Vendor ID | C24: Vendor Name | D24: Delivered | E24: Rejected | F24: Rejection Rate | G24: Accepted | H24: Pending | I24: N Unique CIDS
A25: 44317 | B25: V5 | C25: =if(ifna(VLOOKUP(B25,'Vendor Directory'!A:C,3,0),"NOT FOUND")="","NOT FOUND",VLOOKUP(B25,'Vendor Directory'!A:C,3,0)) -> #N/A | D25: =SUMIFS(All_Stats!$G:$G, All_Stats!$D:$D,$B25, All_Stats!$B:$B,">="&EOMONTH($A25,-1)+1, All_Stats!$B:$B,"<"&EOMONTH($A25,0)+1, All_Stats!$P:$P,"Email Marketing" ) -> 0 | E25: =SUMIFS(All_Stats!$I:$I, All_Stats!$D:$D,$B25, All_Stats!$B:$B,">="&EOMONTH($A25,-1)+1, All_Stats!$B:$B,"<"&EOMONTH($A25,0)+1, All_Stats!$P:$P,"Email Marketing" ) -> 0 | F25: =iferror(E25/D25,"N/A") -> N/A | G25: =SUMIFS(All_Stats!$H:$H, All_Stats!$D:$D,$B25, All_Stats!$B:$B,">="&EOMONTH($A25,-1)+1, All_Stats!$B:$B,"<"&EOMONTH($A25,0)+1, All_Stats!$P:$P,"Email Marketing" ) -> 0 | H25: =SUMIFS(All_Stats!$K:$K, All_Stats!$D:$D,$B25, All_Stats!$B:$B,">="&EOMONTH($A25,-1)+1, All_Stats!$B:$B,"<"&EOMONTH($A25,0)+1, All_Stats!$P:$P,"Email Marketing" ) -> 0 | I25: =IFERROR(__xludf.DUMMYFUNCTION("COUNTUNIQUEIFS(All_Stats!A:A, All_Stats!$D:$D,$B25, All_Stats!$B:$B,"">=""&EOMONTH($A25,-1)+1, All_Stats!$B:$B,""<""&EOMONTH($A25,0)+1, All_Stats!$P:$P,""Email Marketing"" )"),0.0) -> 0
A26: 44317 | B26: V6 | C26: =if(ifna(VLOOKUP(B26,'Vendor Directory'!A:C,3,0),"NOT FOUND")="","NOT FOUND",VLOOKUP(B26,'Vendor Directory'!A:C,3,0)) -> #N/A | D26: =SUMIFS(All_Stats!$G:$G, All_Stats!$D:$D,$B26, All_Stats!$B:$B,">="&EOMONTH($A26,-1)+1, All_Stats!$B:$B,"<"&EOMONTH($A26,0)+1, All_Stats!$P:$P,"Email Marketing" ) -> 0 | E26: =SUMIFS(All_Stats!$I:$I, All_Stats!$D:$D,$B26, All_Stats!$B:$B,">="&EOMONTH($A26,-1)+1, All_Stats!$B:$B,"<"&EOMONTH($A26,0)+1, All_Stats!$P:$P,"Email Marketing" ) -> 0 | F26: =iferror(E26/D26,"N/A") -> N/A | G26: =SUMIFS(All_Stats!$H:$H, All_Stats!$D:$D,$B26, All_Stats!$B:$B,">="&EOMONTH($A26,-1)+1, All_Stats!$B:$B,"<"&EOMONTH($A26,0)+1, All_Stats!$P:$P,"Email Marketing" ) -> 0 | H26: =SUMIFS(All_Stats!$K:$K, All_Stats!$D:$D,$B26, All_Stats!$B:$B,">="&EOMONTH($A26,-1)+1, All_Stats!$B:$B,"<"&EOMONTH($A26,0)+1, All_Stats!$P:$P,"Email Marketing" ) -> 0 | I26: =IFERROR(__xludf.DUMMYFUNCTION("COUNTUNIQUEIFS(All_Stats!A:A, All_Stats!$D:$D,$B26, All_Stats!$B:$B,"">=""&EOMONTH($A26,-1)+1, All_Stats!$B:$B,""<""&EOMONTH($A26,0)+1, All_Stats!$P:$P,""Email Marketing"" )"),0.0) -> 0
A27: 44317 | B27: V15 | C27: =if(ifna(VLOOKUP(B27,'Vendor Directory'!A:C,3,0),"NOT FOUND")="","NOT FOUND",VLOOKUP(B27,'Vendor Directory'!A:C,3,0)) -> #N/A | D27: =SUMIFS(All_Stats!$G:$G, All_Stats!$D:$D,$B27, All_Stats!$B:$B,">="&EOMONTH($A27,-1)+1, All_Stats!$B:$B,"<"&EOMONTH($A27,0)+1, All_Stats!$P:$P,"Email Marketing" ) -> 0 | E27: =SUMIFS(All_Stats!$I:$I, All_Stats!$D:$D,$B27, All_Stats!$B:$B,">="&EOMONTH($A27,-1)+1, All_Stats!$B:$B,"<"&EOMONTH($A27,0)+1, All_Stats!$P:$P,"Email Marketing" ) -> 0 | F27: =iferror(E27/D27,"N/A") -> N/A | G27: =SUMIFS(All_Stats!$H:$H, All_Stats!$D:$D,$B27, All_Stats!$B:$B,">="&EOMONTH($A27,-1)+1, All_Stats!$B:$B,"<"&EOMONTH($A27,0)+1, All_Stats!$P:$P,"Email Marketing" ) -> 0 | H27: =SUMIFS(All_Stats!$K:$K, All_Stats!$D:$D,$B27, All_Stats!$B:$B,">="&EOMONTH($A27,-1)+1, All_Stats!$B:$B,"<"&EOMONTH($A27,0)+1, All_Stats!$P:$P,"Email Marketing" ) -> 0 | I27: =IFERROR(__xludf.DUMMYFUNCTION("COUNTUNIQUEIFS(All_Stats!A:A, All_Stats!$D:$D,$B27, All_Stats!$B:$B,"">=""&EOMONTH($A27,-1)+1, All_Stats!$B:$B,""<""&EOMONTH($A27,0)+1, All_Stats!$P:$P,""Email Marketing"" )"),0.0) -> 0
C28: Total | D28: =SUM(D25:D27) -> 0 | E28: =SUM(E25:E27) -> 0 | F28: =iferror(E28/D28,"N/A") -> N/A | G28: =SUM(G25:G27) -> 0 | H28: =SUM(H25:H27) -> 0 | I28: =IFERROR(__xludf.DUMMYFUNCTION("COUNTUNIQUEIFS(All_Stats!A:A, All_Stats!$B:$B,"">=""&EOMONTH(#REF!,-1)+1, All_Stats!$B:$B,""<""&EOMONTH(#REF!,0)+1, All_Stats!$P:$P,""Email Marketing"" )"),0.0) -> 0
C30: NOT Email marketing
A31: Month | B31: Vendor ID | C31: Vendor Name | D31: Delivered | E31: Rejected | F31: Rejection Rate | G31: Accepted | H31: Pending | I31: N Unique CIDS
A32: 44317 | B32: V1 | C32: =if(ifna(VLOOKUP(B32,'Vendor Directory'!A:C,3,0),"NOT FOUND")="","NOT FOUND",VLOOKUP(B32,'Vendor Directory'!A:C,3,0)) -> #N/A | D32: =SUMIFS(All_Stats!$G:$G, All_Stats!$D:$D,$B32, All_Stats!$B:$B,">="&EOMONTH($A32,-1)+1, All_Stats!$B:$B,"<"&EOMONTH($A32,0)+1, All_Stats!$P:$P,"<>Email Marketing" ) -> 0 | E32: =SUMIFS(All_Stats!$I:$I, All_Stats!$D:$D,$B32, All_Stats!$B:$B,">="&EOMONTH($A32,-1)+1, All_Stats!$B:$B,"<"&EOMONTH($A32,0)+1, All_Stats!$P:$P,"<>Email Marketing" ) -> 0 | F32: =iferror(E32/D32,"N/A") -> N/A | G32: =SUMIFS(All_Stats!$H:$H, All_Stats!$D:$D,$B32, All_Stats!$B:$B,">="&EOMONTH($A32,-1)+1, All_Stats!$B:$B,"<"&EOMONTH($A32,0)+1, All_Stats!$P:$P,"<>Email Marketing" ) -> 0 | H32: =SUMIFS(All_Stats!$K:$K, All_Stats!$D:$D,$B32, All_Stats!$B:$B,">="&EOMONTH($A32,-1)+1, All_Stats!$B:$B,"<"&EOMONTH($A32,0)+1, All_Stats!$P:$P,"<>Email Marketing" ) -> 0 | I32: =IFERROR(__xludf.DUMMYFUNCTION("COUNTUNIQUEIFS(All_Stats!A:A, All_Stats!$D:$D,$B32, All_Stats!$B:$B,"">=""&EOMONTH($A32,-1)+1, All_Stats!$B:$B,""<""&EOMONTH($A32,0)+1, All_Stats!$P:$P,""<>Email Marketing"" )"),0.0) -> 0 | K32: =IFERROR(__xludf.DUMMYFUNCTION("COUNTUNIQUEIFS(All_Stats!A:A, All_Stats!$B:$B,"">=""&EOMONTH($A32,-1)+1, All_Stats!$B:$B,""<""&EOMONTH($A32,0)+1)"),0.0) -> 0
A33: 44317 | B33: V2 | C33: =if(ifna(VLOOKUP(B33,'Vendor Directory'!A:C,3,0),"NOT FOUND")="","NOT FOUND",VLOOKUP(B33,'Vendor Directory'!A:C,3,0)) -> #N/A | D33: =SUMIFS(All_Stats!$G:$G, All_Stats!$D:$D,$B33, All_Stats!$B:$B,">="&EOMONTH($A33,-1)+1, All_Stats!$B:$B,"<"&EOMONTH($A33,0)+1, All_Stats!$P:$P,"<>Email Marketing" ) -> 0 | E33: =SUMIFS(All_Stats!$I:$I, All_Stats!$D:$D,$B33, All_Stats!$B:$B,">="&EOMONTH($A33,-1)+1, All_Stats!$B:$B,"<"&EOMONTH($A33,0)+1, All_Stats!$P:$P,"<>Email Marketing" ) -> 0 | F33: =iferror(E33/D33,"N/A") -> N/A | G33: =SUMIFS(All_Stats!$H:$H, All_Stats!$D:$D,$B33, All_Stats!$B:$B,">="&EOMONTH($A33,-1)+1, All_Stats!$B:$B,"<"&EOMONTH($A33,0)+1, All_Stats!$P:$P,"<>Email Marketing" ) -> 0 | H33: =SUMIFS(All_Stats!$K:$K, All_Stats!$D:$D,$B33, All_Stats!$B:$B,">="&EOMONTH($A33,-1)+1, All_Stats!$B:$B,"<"&EOMONTH($A33,0)+1, All_Stats!$P:$P,"<>Email Marketing" ) -> 0 | I33: =IFERROR(__xludf.DUMMYFUNCTION("COUNTUNIQUEIFS(All_Stats!A:A, All_Stats!$D:$D,$B33, All_Stats!$B:$B,"">=""&EOMONTH($A33,-1)+1, All_Stats!$B:$B,""<""&EOMONTH($A33,0)+1, All_Stats!$P:$P,""<>Email Marketing"" )"),0.0) -> 0
A34: 44317 | B34: V3 | C34: =if(ifna(VLOOKUP(B34,'Vendor Directory'!A:C,3,0),"NOT FOUND")="","NOT FOUND",VLOOKUP(B34,'Vendor Directory'!A:C,3,0)) -> #N/A | D34: =SUMIFS(All_Stats!$G:$G, All_Stats!$D:$D,$B34, All_Stats!$B:$B,">="&EOMONTH($A34,-1)+1, All_Stats!$B:$B,"<"&EOMONTH($A34,0)+1, All_Stats!$P:$P,"<>Email Marketing" ) -> 0 | E34: =SUMIFS(All_Stats!$I:$I, All_Stats!$D:$D,$B34, All_Stats!$B:$B,">="&EOMONTH($A34,-1)+1, All_Stats!$B:$B,"<"&EOMONTH($A34,0)+1, All_Stats!$P:$P,"<>Email Marketing" ) -> 0 | F34: =iferror(E34/D34,"N/A") -> N/A | G34: =SUMIFS(All_Stats!$H:$H, All_Stats!$D:$D,$B34, All_Stats!$B:$B,">="&EOMONTH($A34,-1)+1, All_Stats!$B:$B,"<"&EOMONTH($A34,0)+1, All_Stats!$P:$P,"<>Email Marketing" ) -> 0 | H34: =SUMIFS(All_Stats!$K:$K, All_Stats!$D:$D,$B34, All_Stats!$B:$B,">="&EOMONTH($A34,-1)+1, All_Stats!$B:$B,"<"&EOMONTH($A34,0)+1, All_Stats!$P:$P,"<>Email Marketing" ) -> 0 | I34: =IFERROR(__xludf.DUMMYFUNCTION("COUNTUNIQUEIFS(All_Stats!A:A, All_Stats!$D:$D,$B34, All_Stats!$B:$B,"">=""&EOMONTH($A34,-1)+1, All_Stats!$B:$B,""<""&EOMONTH($A34,0)+1, All_Stats!$P:$P,""<>Email Marketing"" )"),0.0) -> 0
A35: 44317 | B35: V4 | C35: =if(ifna(VLOOKUP(B35,'Vendor Directory'!A:C,3,0),"NOT FOUND")="","NOT FOUND",VLOOKUP(B35,'Vendor Directory'!A:C,3,0)) -> Vendor 2 Name | D35: =SUMIFS(All_Stats!$G:$G, All_Stats!$D:$D,$B35, All_Stats!$B:$B,">="&EOMONTH($A35,-1)+1, All_Stats!$B:$B,"<"&EOMONTH($A35,0)+1, All_Stats!$P:$P,"<>Email Marketing" ) -> 0 | E35: =SUMIFS(All_Stats!$I:$I, All_Stats!$D:$D,$B35, All_Stats!$B:$B,">="&EOMONTH($A35,-1)+1, All_Stats!$B:$B,"<"&EOMONTH($A35,0)+1, All_Stats!$P:$P,"<>Email Marketing" ) -> 0 | F35: =iferror(E35/D35,"N/A") -> N/A | G35: =SUMIFS(All_Stats!$H:$H, All_Stats!$D:$D,$B35, All_Stats!$B:$B,">="&EOMONTH($A35,-1)+1, All_Stats!$B:$B,"<"&EOMONTH($A35,0)+1, All_Stats!$P:$P,"<>Email Marketing" ) -> 0 | H35: =SUMIFS(All_Stats!$K:$K, All_Stats!$D:$D,$B35, All_Stats!$B:$B,">="&EOMONTH($A35,-1)+1, All_Stats!$B:$B,"<"&EOMONTH($A35,0)+1, All_Stats!$P:$P,"<>Email Marketing" ) -> 0 | I35: =IFERROR(__xludf.DUMMYFUNCTION("COUNTUNIQUEIFS(All_Stats!A:A, All_Stats!$D:$D,$B35, All_Stats!$B:$B,"">=""&EOMONTH($A35,-1)+1, All_Stats!$B:$B,""<""&EOMONTH($A35,0)+1, All_Stats!$P:$P,""<>Email Marketing"" )"),0.0) -> 0
A36: 44317 | B36: V5 | C36: =if(ifna(VLOOKUP(B36,'Vendor Directory'!A:C,3,0),"NOT FOUND")="","NOT FOUND",VLOOKUP(B36,'Vendor Directory'!A:C,3,0)) -> #N/A | D36: =SUMIFS(All_Stats!$G:$G, All_Stats!$D:$D,$B36, All_Stats!$B:$B,">="&EOMONTH($A36,-1)+1, All_Stats!$B:$B,"<"&EOMONTH($A36,0)+1, All_Stats!$P:$P,"<>Email Marketing" ) -> 0 | E36: =SUMIFS(All_Stats!$I:$I, All_Stats!$D:$D,$B36, All_Stats!$B:$B,">="&EOMONTH($A36,-1)+1, All_Stats!$B:$B,"<"&EOMONTH($A36,0)+1, All_Stats!$P:$P,"<>Email Marketing" ) -> 0 | F36: =iferror(E36/D36,"N/A") -> N/A | G36: =SUMIFS(All_Stats!$H:$H, All_Stats!$D:$D,$B36, All_Stats!$B:$B,">="&EOMONTH($A36,-1)+1, All_Stats!$B:$B,"<"&EOMONTH($A36,0)+1, All_Stats!$P:$P,"<>Email Marketing" ) -> 0 | H36: =SUMIFS(All_Stats!$K:$K, All_Stats!$D:$D,$B36, All_Stats!$B:$B,">="&EOMONTH($A36,-1)+1, All_Stats!$B:$B,"<"&EOMONTH($A36,0)+1, All_Stats!$P:$P,"<>Email Marketing" ) -> 0 | I36: =IFERROR(__xludf.DUMMYFUNCTION("COUNTUNIQUEIFS(All_Stats!A:A, All_Stats!$D:$D,$B36, All_Stats!$B:$B,"">=""&EOMONTH($A36,-1)+1, All_Stats!$B:$B,""<""&EOMONTH($A36,0)+1, All_Stats!$P:$P,""<>Email Marketing"" )"),0.0) -> 0
A37: 44317 | B37: V6 | C37: =if(ifna(VLOOKUP(B37,'Vendor Directory'!A:C,3,0),"NOT FOUND")="","NOT FOUND",VLOOKUP(B37,'Vendor Directory'!A:C,3,0)) -> #N/A | D37: =SUMIFS(All_Stats!$G:$G, All_Stats!$D:$D,$B37, All_Stats!$B:$B,">="&EOMONTH($A37,-1)+1, All_Stats!$B:$B,"<"&EOMONTH($A37,0)+1, All_Stats!$P:$P,"<>Email Marketing" ) -> 0 | E37: =SUMIFS(All_Stats!$I:$I, All_Stats!$D:$D,$B37, All_Stats!$B:$B,">="&EOMONTH($A37,-1)+1, All_Stats!$B:$B,"<"&EOMONTH($A37,0)+1, All_Stats!$P:$P,"<>Email Marketing" ) -> 0 | F37: =iferror(E37/D37,"N/A") -> N/A | G37: =SUMIFS(All_Stats!$H:$H, All_Stats!$D:$D,$B37, All_Stats!$B:$B,">="&EOMONTH($A37,-1)+1, All_Stats!$B:$B,"<"&EOMONTH($A37,0)+1, All_Stats!$P:$P,"<>Email Marketing" ) -> 0 | H37: =SUMIFS(All_Stats!$K:$K, All_Stats!$D:$D,$B37, All_Stats!$B:$B,">="&EOMONTH($A37,-1)+1, All_Stats!$B:$B,"<"&EOMONTH($A37,0)+1, All_Stats!$P:$P,"<>Email Marketing" ) -> 0 | I37: =IFERROR(__xludf.DUMMYFUNCTION("COUNTUNIQUEIFS(All_Stats!A:A, All_Stats!$D:$D,$B37, All_Stats!$B:$B,"">=""&EOMONTH($A37,-1)+1, All_Stats!$B:$B,""<""&EOMONTH($A37,0)+1, All_Stats!$P:$P,""<>Email Marketing"" )"),0.0) -> 0
A38: 44317 | B38: V9 | C38: =if(ifna(VLOOKUP(B38,'Vendor Directory'!A:C,3,0),"NOT FOUND")="","NOT FOUND",VLOOKUP(B38,'Vendor Directory'!A:C,3,0)) -> Vendor 3 Name | D38: =SUMIFS(All_Stats!$G:$G, All_Stats!$D:$D,$B38, All_Stats!$B:$B,">="&EOMONTH($A38,-1)+1, All_Stats!$B:$B,"<"&EOMONTH($A38,0)+1, All_Stats!$P:$P,"<>Email Marketing" ) -> 0 | E38: =SUMIFS(All_Stats!$I:$I, All_Stats!$D:$D,$B38, All_Stats!$B:$B,">="&EOMONTH($A38,-1)+1, All_Stats!$B:$B,"<"&EOMONTH($A38,0)+1, All_Stats!$P:$P,"<>Email Marketing" ) -> 0 | F38: =iferror(E38/D38,"N/A") -> N/A | G38: =SUMIFS(All_Stats!$H:$H, All_Stats!$D:$D,$B38, All_Stats!$B:$B,">="&EOMONTH($A38,-1)+1, All_Stats!$B:$B,"<"&EOMONTH($A38,0)+1, All_Stats!$P:$P,"<>Email Marketing" ) -> 0 | H38: =SUMIFS(All_Stats!$K:$K, All_Stats!$D:$D,$B38, All_Stats!$B:$B,">="&EOMONTH($A38,-1)+1, All_Stats!$B:$B,"<"&EOMONTH($A38,0)+1, All_Stats!$P:$P,"<>Email Marketing" ) -> 0 | I38: =IFERROR(__xludf.DUMMYFUNCTION("COUNTUNIQUEIFS(All_Stats!A:A, All_Stats!$D:$D,$B38, All_Stats!$B:$B,"">=""&EOMONTH($A38,-1)+1, All_Stats!$B:$B,""<""&EOMONTH($A38,0)+1, All_Stats!$P:$P,""<>Email Marketing"" )"),0.0) -> 0
A39: 44317 | B39: V10 | C39: =if(ifna(VLOOKUP(B39,'Vendor Directory'!A:C,3,0),"NOT FOUND")="","NOT FOUND",VLOOKUP(B39,'Vendor Directory'!A:C,3,0)) -> Vendor 4 Name | D39: =SUMIFS(All_Stats!$G:$G, All_Stats!$D:$D,$B39, All_Stats!$B:$B,">="&EOMONTH($A39,-1)+1, All_Stats!$B:$B,"<"&EOMONTH($A39,0)+1, All_Stats!$P:$P,"<>Email Marketing" ) -> 0 | E39: =SUMIFS(All_Stats!$I:$I, All_Stats!$D:$D,$B39, All_Stats!$B:$B,">="&EOMONTH($A39,-1)+1, All_Stats!$B:$B,"<"&EOMONTH($A39,0)+1, All_Stats!$P:$P,"<>Email Marketing" ) -> 0 | F39: =iferror(E39/D39,"N/A") -> N/A | G39: =SUMIFS(All_Stats!$H:$H, All_Stats!$D:$D,$B39, All_Stats!$B:$B,">="&EOMONTH($A39,-1)+1, All_Stats!$B:$B,"<"&EOMONTH($A39,0)+1, All_Stats!$P:$P,"<>Email Marketing" ) -> 0 | H39: =SUMIFS(All_Stats!$K:$K, All_Stats!$D:$D,$B39, All_Stats!$B:$B,">="&EOMONTH($A39,-1)+1, All_Stats!$B:$B,"<"&EOMONTH($A39,0)+1, All_Stats!$P:$P,"<>Email Marketing" ) -> 0 | I39: =IFERROR(__xludf.DUMMYFUNCTION("COUNTUNIQUEIFS(All_Stats!A:A, All_Stats!$D:$D,$B39, All_Stats!$B:$B,"">=""&EOMONTH($A39,-1)+1, All_Stats!$B:$B,""<""&EOMONTH($A39,0)+1, All_Stats!$P:$P,""<>Email Marketing"" )"),0.0) -> 0
A40: 44317 | B40: V11 | C40: =if(ifna(VLOOKUP(B40,'Vendor Directory'!A:C,3,0),"NOT FOUND")="","NOT FOUND",VLOOKUP(B40,'Vendor Directory'!A:C,3,0)) -> #N/A | D40: =SUMIFS(All_Stats!$G:$G, All_Stats!$D:$D,$B40, All_Stats!$B:$B,">="&EOMONTH($A40,-1)+1, All_Stats!$B:$B,"<"&EOMONTH($A40,0)+1, All_Stats!$P:$P,"<>Email Marketing" ) -> 0 | E40: =SUMIFS(All_Stats!$I:$I, All_Stats!$D:$D,$B40, All_Stats!$B:$B,">="&EOMONTH($A40,-1)+1, All_Stats!$B:$B,"<"&EOMONTH($A40,0)+1, All_Stats!$P:$P,"<>Email Marketing" ) -> 0 | F40: =iferror(E40/D40,"N/A") -> N/A | G40: =SUMIFS(All_Stats!$H:$H, All_Stats!$D:$D,$B40, All_Stats!$B:$B,">="&EOMONTH($A40,-1)+1, All_Stats!$B:$B,"<"&EOMONTH($A40,0)+1, All_Stats!$P:$P,"<>Email Marketing" ) -> 0 | H40: =SUMIFS(All_Stats!$K:$K, All_Stats!$D:$D,$B40, All_Stats!$B:$B,">="&EOMONTH($A40,-1)+1, All_Stats!$B:$B,"<"&EOMONTH($A40,0)+1, All_Stats!$P:$P,"<>Email Marketing" ) -> 0 | I40: =IFERROR(__xludf.DUMMYFUNCTION("COUNTUNIQUEIFS(All_Stats!A:A, All_Stats!$D:$D,$B40, All_Stats!$B:$B,"">=""&EOMONTH($A40,-1)+1, All_Stats!$B:$B,""<""&EOMONTH($A40,0)+1, All_Stats!$P:$P,""<>Email Marketing"" )"),0.0) -> 0
A41: 44317 | B41: V13 | C41: =if(ifna(VLOOKUP(B41,'Vendor Directory'!A:C,3,0),"NOT FOUND")="","NOT FOUND",VLOOKUP(B41,'Vendor Directory'!A:C,3,0)) -> #N/A | D41: =SUMIFS(All_Stats!$G:$G, All_Stats!$D:$D,$B41, All_Stats!$B:$B,">="&EOMONTH($A41,-1)+1, All_Stats!$B:$B,"<"&EOMONTH($A41,0)+1, All_Stats!$P:$P,"<>Email Marketing" ) -> 0 | E41: =SUMIFS(All_Stats!$I:$I, All_Stats!$D:$D,$B41, All_Stats!$B:$B,">="&EOMONTH($A41,-1)+1, All_Stats!$B:$B,"<"&EOMONTH($A41,0)+1, All_Stats!$P:$P,"<>Email Marketing" ) -> 0 | F41: =iferror(E41/D41,"N/A") -> N/A | G41: =SUMIFS(All_Stats!$H:$H, All_Stats!$D:$D,$B41, All_Stats!$B:$B,">="&EOMONTH($A41,-1)+1, All_Stats!$B:$B,"<"&EOMONTH($A41,0)+1, All_Stats!$P:$P,"<>Email Marketing" ) -> 0 | H41: =SUMIFS(All_Stats!$K:$K, All_Stats!$D:$D,$B41, All_Stats!$B:$B,">="&EOMONTH($A41,-1)+1, All_Stats!$B:$B,"<"&EOMONTH($A41,0)+1, All_Stats!$P:$P,"<>Email Marketing" ) -> 0 | I41: =IFERROR(__xludf.DUMMYFUNCTION("COUNTUNIQUEIFS(All_Stats!A:A, All_Stats!$D:$D,$B41, All_Stats!$B:$B,"">=""&EOMONTH($A41,-1)+1, All_Stats!$B:$B,""<""&EOMONTH($A41,0)+1, All_Stats!$P:$P,""<>Email Marketing"" )"),0.0) -> 0
A42: 44317 | B42: V15 | C42: =if(ifna(VLOOKUP(B42,'Vendor Directory'!A:C,3,0),"NOT FOUND")="","NOT FOUND",VLOOKUP(B42,'Vendor Directory'!A:C,3,0)) -> #N/A | D42: =SUMIFS(All_Stats!$G:$G, All_Stats!$D:$D,$B42, All_Stats!$B:$B,">="&EOMONTH($A42,-1)+1, All_Stats!$B:$B,"<"&EOMONTH($A42,0)+1, All_Stats!$P:$P,"<>Email Marketing" ) -> 0 | E42: =SUMIFS(All_Stats!$I:$I, All_Stats!$D:$D,$B42, All_Stats!$B:$B,">="&EOMONTH($A42,-1)+1, All_Stats!$B:$B,"<"&EOMONTH($A42,0)+1, All_Stats!$P:$P,"<>Email Marketing" ) -> 0 | F42: =iferror(E42/D42,"N/A") -> N/A | G42: =SUMIFS(All_Stats!$H:$H, All_Stats!$D:$D,$B42, All_Stats!$B:$B,">="&EOMONTH($A42,-1)+1, All_Stats!$B:$B,"<"&EOMONTH($A42,0)+1, All_Stats!$P:$P,"<>Email Marketing" ) -> 0 | H42: =SUMIFS(All_Stats!$K:$K, All_Stats!$D:$D,$B42, All_Stats!$B:$B,">="&EOMONTH($A42,-1)+1, All_Stats!$B:$B,"<"&EOMONTH($A42,0)+1, All_Stats!$P:$P,"<>Email Marketing" ) -> 0 | I42: =IFERROR(__xludf.DUMMYFUNCTION("COUNTUNIQUEIFS(All_Stats!A:A, All_Stats!$D:$D,$B42, All_Stats!$B:$B,"">=""&EOMONTH($A42,-1)+1, All_Stats!$B:$B,""<""&EOMONTH($A42,0)+1, All_Stats!$P:$P,""<>Email Marketing"" )"),0.0) -> 0
A43: 44317 | B43: V17 | C43: =if(ifna(VLOOKUP(B43,'Vendor Directory'!A:C,3,0),"NOT FOUND")="","NOT FOUND",VLOOKUP(B43,'Vendor Directory'!A:C,3,0)) -> #N/A | D43: =SUMIFS(All_Stats!$G:$G, All_Stats!$D:$D,$B43, All_Stats!$B:$B,">="&EOMONTH($A43,-1)+1, All_Stats!$B:$B,"<"&EOMONTH($A43,0)+1, All_Stats!$P:$P,"<>Email Marketing" ) -> 0 | E43: =SUMIFS(All_Stats!$I:$I, All_Stats!$D:$D,$B43, All_Stats!$B:$B,">="&EOMONTH($A43,-1)+1, All_Stats!$B:$B,"<"&EOMONTH($A43,0)+1, All_Stats!$P:$P,"<>Email Marketing" ) -> 0 | F43: =iferror(E43/D43,"N/A") -> N/A | G43: =SUMIFS(All_Stats!$H:$H, All_Stats!$D:$D,$B43, All_Stats!$B:$B,">="&EOMONTH($A43,-1)+1, All_Stats!$B:$B,"<"&EOMONTH($A43,0)+1, All_Stats!$P:$P,"<>Email Marketing" ) -> 0 | H43: =SUMIFS(All_Stats!$K:$K, All_Stats!$D:$D,$B43, All_Stats!$B:$B,">="&EOMONTH($A43,-1)+1, All_Stats!$B:$B,"<"&EOMONTH($A43,0)+1, All_Stats!$P:$P,"<>Email Marketing" ) -> 0 | I43: =IFERROR(__xludf.DUMMYFUNCTION("COUNTUNIQUEIFS(All_Stats!A:A, All_Stats!$D:$D,$B43, All_Stats!$B:$B,"">=""&EOMONTH($A43,-1)+1, All_Stats!$B:$B,""<""&EOMONTH($A43,0)+1, All_Stats!$P:$P,""<>Email Marketing"" )"),0.0) -> 0
A44: 44317 | B44: V19 | C44: =if(ifna(VLOOKUP(B44,'Vendor Directory'!A:C,3,0),"NOT FOUND")="","NOT FOUND",VLOOKUP(B44,'Vendor Directory'!A:C,3,0)) -> #N/A | D44: =SUMIFS(All_Stats!$G:$G, All_Stats!$D:$D,$B44, All_Stats!$B:$B,">="&EOMONTH($A44,-1)+1, All_Stats!$B:$B,"<"&EOMONTH($A44,0)+1, All_Stats!$P:$P,"<>Email Marketing" ) -> 0 | E44: =SUMIFS(All_Stats!$I:$I, All_Stats!$D:$D,$B44, All_Stats!$B:$B,">="&EOMONTH($A44,-1)+1, All_Stats!$B:$B,"<"&EOMONTH($A44,0)+1, All_Stats!$P:$P,"<>Email Marketing" ) -> 0 | F44: =iferror(E44/D44,"N/A") -> N/A | G44: =SUMIFS(All_Stats!$H:$H, All_Stats!$D:$D,$B44, All_Stats!$B:$B,">="&EOMONTH($A44,-1)+1, All_Stats!$B:$B,"<"&EOMONTH($A44,0)+1, All_Stats!$P:$P,"<>Email Marketing" ) -> 0 | H44: =SUMIFS(All_Stats!$K:$K, All_Stats!$D:$D,$B44, All_Stats!$B:$B,">="&EOMONTH($A44,-1)+1, All_Stats!$B:$B,"<"&EOMONTH($A44,0)+1, All_Stats!$P:$P,"<>Email Marketing" ) -> 0 | I44: =IFERROR(__xludf.DUMMYFUNCTION("COUNTUNIQUEIFS(All_Stats!A:A, All_Stats!$D:$D,$B44, All_Stats!$B:$B,"">=""&EOMONTH($A44,-1)+1, All_Stats!$B:$B,""<""&EOMONTH($A44,0)+1, All_Stats!$P:$P,""<>Email Marketing"" )"),0.0) -> 0
A45: 44317 | B45: V20 | C45: =if(ifna(VLOOKUP(B45,'Vendor Directory'!A:C,3,0),"NOT FOUND")="","NOT FOUND",VLOOKUP(B45,'Vendor Directory'!A:C,3,0)) -> #N/A | D45: =SUMIFS(All_Stats!$G:$G, All_Stats!$D:$D,$B45, All_Stats!$B:$B,">="&EOMONTH($A45,-1)+1, All_Stats!$B:$B,"<"&EOMONTH($A45,0)+1, All_Stats!$P:$P,"<>Email Marketing" ) -> 0 | E45: =SUMIFS(All_Stats!$I:$I, All_Stats!$D:$D,$B45, All_Stats!$B:$B,">="&EOMONTH($A45,-1)+1, All_Stats!$B:$B,"<"&EOMONTH($A45,0)+1, All_Stats!$P:$P,"<>Email Marketing" ) -> 0 | F45: =iferror(E45/D45,"N/A") -> N/A | G45: =SUMIFS(All_Stats!$H:$H, All_Stats!$D:$D,$B45, All_Stats!$B:$B,">="&EOMONTH($A45,-1)+1, All_Stats!$B:$B,"<"&EOMONTH($A45,0)+1, All_Stats!$P:$P,"<>Email Marketing" ) -> 0 | H45: =SUMIFS(All_Stats!$K:$K, All_Stats!$D:$D,$B45, All_Stats!$B:$B,">="&EOMONTH($A45,-1)+1, All_Stats!$B:$B,"<"&EOMONTH($A45,0)+1, All_Stats!$P:$P,"<>Email Marketing" ) -> 0 | I45: =IFERROR(__xludf.DUMMYFUNCTION("COUNTUNIQUEIFS(All_Stats!A:A, All_Stats!$D:$D,$B45, All_Stats!$B:$B,"">=""&EOMONTH($A45,-1)+1, All_Stats!$B:$B,""<""&EOMONTH($A45,0)+1, All_Stats!$P:$P,""<>Email Marketing"" )"),0.0) -> 0
A46: 44317 | B46: V22 | C46: =if(ifna(VLOOKUP(B46,'Vendor Directory'!A:C,3,0),"NOT FOUND")="","NOT FOUND",VLOOKUP(B46,'Vendor Directory'!A:C,3,0)) -> #N/A | D46: =SUMIFS(All_Stats!$G:$G, All_Stats!$D:$D,$B46, All_Stats!$B:$B,">="&EOMONTH($A46,-1)+1, All_Stats!$B:$B,"<"&EOMONTH($A46,0)+1, All_Stats!$P:$P,"<>Email Marketing" ) -> 0 | E46: =SUMIFS(All_Stats!$I:$I, All_Stats!$D:$D,$B46, All_Stats!$B:$B,">="&EOMONTH($A46,-1)+1, All_Stats!$B:$B,"<"&EOMONTH($A46,0)+1, All_Stats!$P:$P,"<>Email Marketing" ) -> 0 | F46: =iferror(E46/D46,"N/A") -> N/A | G46: =SUMIFS(All_Stats!$H:$H, All_Stats!$D:$D,$B46, All_Stats!$B:$B,">="&EOMONTH($A46,-1)+1, All_Stats!$B:$B,"<"&EOMONTH($A46,0)+1, All_Stats!$P:$P,"<>Email Marketing" ) -> 0 | H46: =SUMIFS(All_Stats!$K:$K, All_Stats!$D:$D,$B46, All_Stats!$B:$B,">="&EOMONTH($A46,-1)+1, All_Stats!$B:$B,"<"&EOMONTH($A46,0)+1, All_Stats!$P:$P,"<>Email Marketing" ) -> 0 | I46: =IFERROR(__xludf.DUMMYFUNCTION("COUNTUNIQUEIFS(All_Stats!A:A, All_Stats!$D:$D,$B46, All_Stats!$B:$B,"">=""&EOMONTH($A46,-1)+1, All_Stats!$B:$B,""<""&EOMONTH($A46,0)+1, All_Stats!$P:$P,""<>Email Marketing"" )"),0.0) -> 0
A47: 44317 | B47: V23 | C47: =if(ifna(VLOOKUP(B47,'Vendor Directory'!A:C,3,0),"NOT FOUND")="","NOT FOUND",VLOOKUP(B47,'Vendor Directory'!A:C,3,0)) -> #N/A | D47: =SUMIFS(All_Stats!$G:$G, All_Stats!$D:$D,$B47, All_Stats!$B:$B,">="&EOMONTH($A47,-1)+1, All_Stats!$B:$B,"<"&EOMONTH($A47,0)+1, All_Stats!$P:$P,"<>Email Marketing" ) -> 0 | E47: =SUMIFS(All_Stats!$I:$I, All_Stats!$D:$D,$B47, All_Stats!$B:$B,">="&EOMONTH($A47,-1)+1, All_Stats!$B:$B,"<"&EOMONTH($A47,0)+1, All_Stats!$P:$P,"<>Email Marketing" ) -> 0 | F47: =iferror(E47/D47,"N/A") -> N/A | G47: =SUMIFS(All_Stats!$H:$H, All_Stats!$D:$D,$B47, All_Stats!$B:$B,">="&EOMONTH($A47,-1)+1, All_Stats!$B:$B,"<"&EOMONTH($A47,0)+1, All_Stats!$P:$P,"<>Email Marketing" ) -> 0 | H47: =SUMIFS(All_Stats!$K:$K, All_Stats!$D:$D,$B47, All_Stats!$B:$B,">="&EOMONTH($A47,-1)+1, All_Stats!$B:$B,"<"&EOMONTH($A47,0)+1, All_Stats!$P:$P,"<>Email Marketing" ) -> 0 | I47: =IFERROR(__xludf.DUMMYFUNCTION("COUNTUNIQUEIFS(All_Stats!A:A, All_Stats!$D:$D,$B47, All_Stats!$B:$B,"">=""&EOMONTH($A47,-1)+1, All_Stats!$B:$B,""<""&EOMONTH($A47,0)+1, All_Stats!$P:$P,""<>Email Marketing"" )"),0.0) -> 0
A48: 44317 | B48: V24 | C48: =if(ifna(VLOOKUP(B48,'Vendor Directory'!A:C,3,0),"NOT FOUND")="","NOT FOUND",VLOOKUP(B48,'Vendor Directory'!A:C,3,0)) -> #N/A | D48: =SUMIFS(All_Stats!$G:$G, All_Stats!$D:$D,$B48, All_Stats!$B:$B,">="&EOMONTH($A48,-1)+1, All_Stats!$B:$B,"<"&EOMONTH($A48,0)+1, All_Stats!$P:$P,"<>Email Marketing" ) -> 0 | E48: =SUMIFS(All_Stats!$I:$I, All_Stats!$D:$D,$B48, All_Stats!$B:$B,">="&EOMONTH($A48,-1)+1, All_Stats!$B:$B,"<"&EOMONTH($A48,0)+1, All_Stats!$P:$P,"<>Email Marketing" ) -> 0 | F48: =iferror(E48/D48,"N/A") -> N/A | G48: =SUMIFS(All_Stats!$H:$H, All_Stats!$D:$D,$B48, All_Stats!$B:$B,">="&EOMONTH($A48,-1)+1, All_Stats!$B:$B,"<"&EOMONTH($A48,0)+1, All_Stats!$P:$P,"<>Email Marketing" ) -> 0 | H48: =SUMIFS(All_Stats!$K:$K, All_Stats!$D:$D,$B48, All_Stats!$B:$B,">="&EOMONTH($A48,-1)+1, All_Stats!$B:$B,"<"&EOMONTH($A48,0)+1, All_Stats!$P:$P,"<>Email Marketing" ) -> 0 | I48: =IFERROR(__xludf.DUMMYFUNCTION("COUNTUNIQUEIFS(All_Stats!A:A, All_Stats!$D:$D,$B48, All_Stats!$B:$B,"">=""&EOMONTH($A48,-1)+1, All_Stats!$B:$B,""<""&EOMONTH($A48,0)+1, All_Stats!$P:$P,""<>Email Marketing"" )"),0.0) -> 0
A49: 44317 | B49: V26 | C49: =if(ifna(VLOOKUP(B49,'Vendor Directory'!A:C,3,0),"NOT FOUND")="","NOT FOUND",VLOOKUP(B49,'Vendor Directory'!A:C,3,0)) -> #N/A | D49: =SUMIFS(All_Stats!$G:$G, All_Stats!$D:$D,$B49, All_Stats!$B:$B,">="&EOMONTH($A49,-1)+1, All_Stats!$B:$B,"<"&EOMONTH($A49,0)+1, All_Stats!$P:$P,"<>Email Marketing" ) -> 0 | E49: =SUMIFS(All_Stats!$I:$I, All_Stats!$D:$D,$B49, All_Stats!$B:$B,">="&EOMONTH($A49,-1)+1, All_Stats!$B:$B,"<"&EOMONTH($A49,0)+1, All_Stats!$P:$P,"<>Email Marketing" ) -> 0 | F49: =iferror(E49/D49,"N/A") -> N/A | G49: =SUMIFS(All_Stats!$H:$H, All_Stats!$D:$D,$B49, All_Stats!$B:$B,">="&EOMONTH($A49,-1)+1, All_Stats!$B:$B,"<"&EOMONTH($A49,0)+1, All_Stats!$P:$P,"<>Email Marketing" ) -> 0 | H49: =SUMIFS(All_Stats!$K:$K, All_Stats!$D:$D,$B49, All_Stats!$B:$B,">="&EOMONTH($A49,-1)+1, All_Stats!$B:$B,"<"&EOMONTH($A49,0)+1, All_Stats!$P:$P,"<>Email Marketing" ) -> 0 | I49: =IFERROR(__xludf.DUMMYFUNCTION("COUNTUNIQUEIFS(All_Stats!A:A, All_Stats!$D:$D,$B49, All_Stats!$B:$B,"">=""&EOMONTH($A49,-1)+1, All_Stats!$B:$B,""<""&EOMONTH($A49,0)+1, All_Stats!$P:$P,""<>Email Marketing"" )"),0.0) -> 0
A50: 44317 | B50: V27 | C50: =if(ifna(VLOOKUP(B50,'Vendor Directory'!A:C,3,0),"NOT FOUND")="","NOT FOUND",VLOOKUP(B50,'Vendor Directory'!A:C,3,0)) -> #N/A | D50: =SUMIFS(All_Stats!$G:$G, All_Stats!$D:$D,$B50, All_Stats!$B:$B,">="&EOMONTH($A50,-1)+1, All_Stats!$B:$B,"<"&EOMONTH($A50,0)+1, All_Stats!$P:$P,"<>Email Marketing" ) -> 0 | E50: =SUMIFS(All_Stats!$I:$I, All_Stats!$D:$D,$B50, All_Stats!$B:$B,">="&EOMONTH($A50,-1)+1, All_Stats!$B:$B,"<"&EOMONTH($A50,0)+1, All_Stats!$P:$P,"<>Email Marketing" ) -> 0 | F50: =iferror(E50/D50,"N/A") -> N/A | G50: =SUMIFS(All_Stats!$H:$H, All_Stats!$D:$D,$B50, All_Stats!$B:$B,">="&EOMONTH($A50,-1)+1, All_Stats!$B:$B,"<"&EOMONTH($A50,0)+1, All_Stats!$P:$P,"<>Email Marketing" ) -> 0 | H50: =SUMIFS(All_Stats!$K:$K, All_Stats!$D:$D,$B50, All_Stats!$B:$B,">="&EOMONTH($A50,-1)+1, All_Stats!$B:$B,"<"&EOMONTH($A50,0)+1, All_Stats!$P:$P,"<>Email Marketing" ) -> 0 | I50: =IFERROR(__xludf.DUMMYFUNCTION("COUNTUNIQUEIFS(All_Stats!A:A, All_Stats!$D:$D,$B50, All_Stats!$B:$B,"">=""&EOMONTH($A50,-1)+1, All_Stats!$B:$B,""<""&EOMONTH($A50,0)+1, All_Stats!$P:$P,""<>Email Marketing"" )"),0.0) -> 0
A51: 44317 | B51: V28 | C51: =if(ifna(VLOOKUP(B51,'Vendor Directory'!A:C,3,0),"NOT FOUND")="","NOT FOUND",VLOOKUP(B51,'Vendor Directory'!A:C,3,0)) -> #N/A | D51: =SUMIFS(All_Stats!$G:$G, All_Stats!$D:$D,$B51, All_Stats!$B:$B,">="&EOMONTH($A51,-1)+1, All_Stats!$B:$B,"<"&EOMONTH($A51,0)+1, All_Stats!$P:$P,"<>Email Marketing" ) -> 0 | E51: =SUMIFS(All_Stats!$I:$I, All_Stats!$D:$D,$B51, All_Stats!$B:$B,">="&EOMONTH($A51,-1)+1, All_Stats!$B:$B,"<"&EOMONTH($A51,0)+1, All_Stats!$P:$P,"<>Email Marketing" ) -> 0 | F51: =iferror(E51/D51,"N/A") -> N/A | G51: =SUMIFS(All_Stats!$H:$H, All_Stats!$D:$D,$B51, All_Stats!$B:$B,">="&EOMONTH($A51,-1)+1, All_Stats!$B:$B,"<"&EOMONTH($A51,0)+1, All_Stats!$P:$P,"<>Email Marketing" ) -> 0 | H51: =SUMIFS(All_Stats!$K:$K, All_Stats!$D:$D,$B51, All_Stats!$B:$B,">="&EOMONTH($A51,-1)+1, All_Stats!$B:$B,"<"&EOMONTH($A51,0)+1, All_Stats!$P:$P,"<>Email Marketing" ) -> 0 | I51: =IFERROR(__xludf.DUMMYFUNCTION("COUNTUNIQUEIFS(All_Stats!A:A, All_Stats!$D:$D,$B51, All_Stats!$B:$B,"">=""&EOMONTH($A51,-1)+1, All_Stats!$B:$B,""<""&EOMONTH($A51,0)+1, All_Stats!$P:$P,""<>Email Marketing"" )"),0.0) -> 0
A52: 44317 | B52: V29 | C52: =if(ifna(VLOOKUP(B52,'Vendor Directory'!A:C,3,0),"NOT FOUND")="","NOT FOUND",VLOOKUP(B52,'Vendor Directory'!A:C,3,0)) -> #N/A | D52: =SUMIFS(All_Stats!$G:$G, All_Stats!$D:$D,$B52, All_Stats!$B:$B,">="&EOMONTH($A52,-1)+1, All_Stats!$B:$B,"<"&EOMONTH($A52,0)+1, All_Stats!$P:$P,"<>Email Marketing" ) -> 0 | E52: =SUMIFS(All_Stats!$I:$I, All_Stats!$D:$D,$B52, All_Stats!$B:$B,">="&EOMONTH($A52,-1)+1, All_Stats!$B:$B,"<"&EOMONTH($A52,0)+1, All_Stats!$P:$P,"<>Email Marketing" ) -> 0 | F52: =iferror(E52/D52,"N/A") -> N/A | G52: =SUMIFS(All_Stats!$H:$H, All_Stats!$D:$D,$B52, All_Stats!$B:$B,">="&EOMONTH($A52,-1)+1, All_Stats!$B:$B,"<"&EOMONTH($A52,0)+1, All_Stats!$P:$P,"<>Email Marketing" ) -> 0 | H52: =SUMIFS(All_Stats!$K:$K, All_Stats!$D:$D,$B52, All_Stats!$B:$B,">="&EOMONTH($A52,-1)+1, All_Stats!$B:$B,"<"&EOMONTH($A52,0)+1, All_Stats!$P:$P,"<>Email Marketing" ) -> 0 | I52: =IFERROR(__xludf.DUMMYFUNCTION("COUNTUNIQUEIFS(All_Stats!A:A, All_Stats!$D:$D,$B52, All_Stats!$B:$B,"">=""&EOMONTH($A52,-1)+1, All_Stats!$B:$B,""<""&EOMONTH($A52,0)+1, All_Stats!$P:$P,""<>Email Marketing"" )"),0.0) -> 0
A53: 44317 | B53: V30 | C53: =if(ifna(VLOOKUP(B53,'Vendor Directory'!A:C,3,0),"NOT FOUND")="","NOT FOUND",VLOOKUP(B53,'Vendor Directory'!A:C,3,0)) -> #N/A | D53: =SUMIFS(All_Stats!$G:$G, All_Stats!$D:$D,$B53, All_Stats!$B:$B,">="&EOMONTH($A53,-1)+1, All_Stats!$B:$B,"<"&EOMONTH($A53,0)+1, All_Stats!$P:$P,"<>Email Marketing" ) -> 0 | E53: =SUMIFS(All_Stats!$I:$I, All_Stats!$D:$D,$B53, All_Stats!$B:$B,">="&EOMONTH($A53,-1)+1, All_Stats!$B:$B,"<"&EOMONTH($A53,0)+1, All_Stats!$P:$P,"<>Email Marketing" ) -> 0 | F53: =iferror(E53/D53,"N/A") -> N/A | G53: =SUMIFS(All_Stats!$H:$H, All_Stats!$D:$D,$B53, All_Stats!$B:$B,">="&EOMONTH($A53,-1)+1, All_Stats!$B:$B,"<"&EOMONTH($A53,0)+1, All_Stats!$P:$P,"<>Email Marketing" ) -> 0 | H53: =SUMIFS(All_Stats!$K:$K, All_Stats!$D:$D,$B53, All_Stats!$B:$B,">="&EOMONTH($A53,-1)+1, All_Stats!$B:$B,"<"&EOMONTH($A53,0)+1, All_Stats!$P:$P,"<>Email Marketing" ) -> 0 | I53: =IFERROR(__xludf.DUMMYFUNCTION("COUNTUNIQUEIFS(All_Stats!A:A, All_Stats!$D:$D,$B53, All_Stats!$B:$B,"">=""&EOMONTH($A53,-1)+1, All_Stats!$B:$B,""<""&EOMONTH($A53,0)+1, All_Stats!$P:$P,""<>Email Marketing"" )"),0.0) -> 0
A54: 44317 | B54: V31 | C54: =if(ifna(VLOOKUP(B54,'Vendor Directory'!A:C,3,0),"NOT FOUND")="","NOT FOUND",VLOOKUP(B54,'Vendor Directory'!A:C,3,0)) -> #N/A | D54: =SUMIFS(All_Stats!$G:$G, All_Stats!$D:$D,$B54, All_Stats!$B:$B,">="&EOMONTH($A54,-1)+1, All_Stats!$B:$B,"<"&EOMONTH($A54,0)+1, All_Stats!$P:$P,"<>Email Marketing" ) -> 0 | E54: =SUMIFS(All_Stats!$I:$I, All_Stats!$D:$D,$B54, All_Stats!$B:$B,">="&EOMONTH($A54,-1)+1, All_Stats!$B:$B,"<"&EOMONTH($A54,0)+1, All_Stats!$P:$P,"<>Email Marketing" ) -> 0 | F54: =iferror(E54/D54,"N/A") -> N/A | G54: =SUMIFS(All_Stats!$H:$H, All_Stats!$D:$D,$B54, All_Stats!$B:$B,">="&EOMONTH($A54,-1)+1, All_Stats!$B:$B,"<"&EOMONTH($A54,0)+1, All_Stats!$P:$P,"<>Email Marketing" ) -> 0 | H54: =SUMIFS(All_Stats!$K:$K, All_Stats!$D:$D,$B54, All_Stats!$B:$B,">="&EOMONTH($A54,-1)+1, All_Stats!$B:$B,"<"&EOMONTH($A54,0)+1, All_Stats!$P:$P,"<>Email Marketing" ) -> 0 | I54: =IFERROR(__xludf.DUMMYFUNCTION("COUNTUNIQUEIFS(All_Stats!A:A, All_Stats!$D:$D,$B54, All_Stats!$B:$B,"">=""&EOMONTH($A54,-1)+1, All_Stats!$B:$B,""<""&EOMONTH($A54,0)+1, All_Stats!$P:$P,""<>Email Marketing"" )"),0.0) -> 0
A55: 44317 | B55: V33 | C55: =if(ifna(VLOOKUP(B55,'Vendor Directory'!A:C,3,0),"NOT FOUND")="","NOT FOUND",VLOOKUP(B55,'Vendor Directory'!A:C,3,0)) -> #N/A | D55: =SUMIFS(All_Stats!$G:$G, All_Stats!$D:$D,$B55, All_Stats!$B:$B,">="&EOMONTH($A55,-1)+1, All_Stats!$B:$B,"<"&EOMONTH($A55,0)+1, All_Stats!$P:$P,"<>Email Marketing" ) -> 0 | E55: =SUMIFS(All_Stats!$I:$I, All_Stats!$D:$D,$B55, All_Stats!$B:$B,">="&EOMONTH($A55,-1)+1, All_Stats!$B:$B,"<"&EOMONTH($A55,0)+1, All_Stats!$P:$P,"<>Email Marketing" ) -> 0 | F55: =iferror(E55/D55,"N/A") -> N/A | G55: =SUMIFS(All_Stats!$H:$H, All_Stats!$D:$D,$B55, All_Stats!$B:$B,">="&EOMONTH($A55,-1)+1, All_Stats!$B:$B,"<"&EOMONTH($A55,0)+1, All_Stats!$P:$P,"<>Email Marketing" ) -> 0 | H55: =SUMIFS(All_Stats!$K:$K, All_Stats!$D:$D,$B55, All_Stats!$B:$B,">="&EOMONTH($A55,-1)+1, All_Stats!$B:$B,"<"&EOMONTH($A55,0)+1, All_Stats!$P:$P,"<>Email Marketing" ) -> 0 | I55: =IFERROR(__xludf.DUMMYFUNCTION("COUNTUNIQUEIFS(All_Stats!A:A, All_Stats!$D:$D,$B55, All_Stats!$B:$B,"">=""&EOMONTH($A55,-1)+1, All_Stats!$B:$B,""<""&EOMONTH($A55,0)+1, All_Stats!$P:$P,""<>Email Marketing"" )"),0.0) -> 0
A56: 44318 | B56: V34 | C56: =if(ifna(VLOOKUP(B56,'Vendor Directory'!A:C,3,0),"NOT FOUND")="","NOT FOUND",VLOOKUP(B56,'Vendor Directory'!A:C,3,0)) -> #N/A | D56: =SUMIFS(All_Stats!$G:$G, All_Stats!$D:$D,$B56, All_Stats!$B:$B,">="&EOMONTH($A56,-1)+1, All_Stats!$B:$B,"<"&EOMONTH($A56,0)+1, All_Stats!$P:$P,"<>Email Marketing" ) -> 0 | E56: =SUMIFS(All_Stats!$I:$I, All_Stats!$D:$D,$B56, All_Stats!$B:$B,">="&EOMONTH($A56,-1)+1, All_Stats!$B:$B,"<"&EOMONTH($A56,0)+1, All_Stats!$P:$P,"<>Email Marketing" ) -> 0 | F56: =iferror(E56/D56,"N/A") -> N/A | G56: =SUMIFS(All_Stats!$H:$H, All_Stats!$D:$D,$B56, All_Stats!$B:$B,">="&EOMONTH($A56,-1)+1, All_Stats!$B:$B,"<"&EOMONTH($A56,0)+1, All_Stats!$P:$P,"<>Email Marketing" ) -> 0 | H56: =SUMIFS(All_Stats!$K:$K, All_Stats!$D:$D,$B56, All_Stats!$B:$B,">="&EOMONTH($A56,-1)+1, All_Stats!$B:$B,"<"&EOMONTH($A56,0)+1, All_Stats!$P:$P,"<>Email Marketing" ) -> 0 | I56: =IFERROR(__xludf.DUMMYFUNCTION("COUNTUNIQUEIFS(All_Stats!A:A, All_Stats!$D:$D,$B56, All_Stats!$B:$B,"">=""&EOMONTH($A56,-1)+1, All_Stats!$B:$B,""<""&EOMONTH($A56,0)+1, All_Stats!$P:$P,""<>Email Marketing"" )"),0.0) -> 0
C57: Total | D57: =SUM(D32:D55) -> 0 | E57: =SUM(E32:E55) -> 0 | F57: =iferror(E57/D57,"N/A") -> N/A | G57: =SUM(G32:G55) -> 0 | H57: =SUM(H32:H55) -> 0 | I57: =IFERROR(__xludf.DUMMYFUNCTION("COUNTUNIQUEIFS(All_Stats!A:A, All_Stats!$B:$B,"">=""&EOMONTH($A32,-1)+1, All_Stats!$B:$B,""<""&EOMONTH($A32,0)+1, All_Stats!$P:$P,""<>Email Marketing"" )"),0.0) -> 0
C59: Email marketing
A60: Month | B60: Vendor ID | C60: Vendor Name | D60: Delivered | E60: Rejected | F60: Rejection Rate | G60: Accepted | H60: Pending | I60: N Unique CIDS
A61: 44348 | B61: V5 | C61: =if(ifna(VLOOKUP(B61,'Vendor Directory'!A:C,3,0),"NOT FOUND")="","NOT FOUND",VLOOKUP(B61,'Vendor Directory'!A:C,3,0)) -> #N/A | D61: =SUMIFS(All_Stats!$G:$G, All_Stats!$D:$D,$B61, All_Stats!$B:$B,">="&EOMONTH($A61,-1)+1, All_Stats!$B:$B,"<"&EOMONTH($A61,0)+1, All_Stats!$P:$P,"Email Marketing" ) -> 0 | E61: =SUMIFS(All_Stats!$I:$I, All_Stats!$D:$D,$B61, All_Stats!$B:$B,">="&EOMONTH($A61,-1)+1, All_Stats!$B:$B,"<"&EOMONTH($A61,0)+1, All_Stats!$P:$P,"Email Marketing" ) -> 0 | F61: =iferror(E61/D61,"N/A") -> N/A | G61: =SUMIFS(All_Stats!$H:$H, All_Stats!$D:$D,$B61, All_Stats!$B:$B,">="&EOMONTH($A61,-1)+1, All_Stats!$B:$B,"<"&EOMONTH($A61,0)+1, All_Stats!$P:$P,"Email Marketing" ) -> 0 | H61: =SUMIFS(All_Stats!$K:$K, All_Stats!$D:$D,$B61, All_Stats!$B:$B,">="&EOMONTH($A61,-1)+1, All_Stats!$B:$B,"<"&EOMONTH($A61,0)+1, All_Stats!$P:$P,"Email Marketing" ) -> 0 | I61: =IFERROR(__xludf.DUMMYFUNCTION("COUNTUNIQUEIFS(All_Stats!A:A, All_Stats!$D:$D,$B61, All_Stats!$B:$B,"">=""&EOMONTH($A61,-1)+1, All_Stats!$B:$B,""<""&EOMONTH($A61,0)+1, All_Stats!$P:$P,""Email Marketing"" )"),0.0) -> 0
A62: 44348 | B62: V6 | C62: =if(ifna(VLOOKUP(B62,'Vendor Directory'!A:C,3,0),"NOT FOUND")="","NOT FOUND",VLOOKUP(B62,'Vendor Directory'!A:C,3,0)) -> #N/A | D62: =SUMIFS(All_Stats!$G:$G, All_Stats!$D:$D,$B62, All_Stats!$B:$B,">="&EOMONTH($A62,-1)+1, All_Stats!$B:$B,"<"&EOMONTH($A62,0)+1, All_Stats!$P:$P,"Email Marketing" ) -> 0 | E62: =SUMIFS(All_Stats!$I:$I, All_Stats!$D:$D,$B62, All_Stats!$B:$B,">="&EOMONTH($A62,-1)+1, All_Stats!$B:$B,"<"&EOMONTH($A62,0)+1, All_Stats!$P:$P,"Email Marketing" ) -> 0 | F62: =iferror(E62/D62,"N/A") -> N/A | G62: =SUMIFS(All_Stats!$H:$H, All_Stats!$D:$D,$B62, All_Stats!$B:$B,">="&EOMONTH($A62,-1)+1, All_Stats!$B:$B,"<"&EOMONTH($A62,0)+1, All_Stats!$P:$P,"Email Marketing" ) -> 0 | H62: =SUMIFS(All_Stats!$K:$K, All_Stats!$D:$D,$B62, All_Stats!$B:$B,">="&EOMONTH($A62,-1)+1, All_Stats!$B:$B,"<"&EOMONTH($A62,0)+1, All_Stats!$P:$P,"Email Marketing" ) -> 0 | I62: =IFERROR(__xludf.DUMMYFUNCTION("COUNTUNIQUEIFS(All_Stats!A:A, All_Stats!$D:$D,$B62, All_Stats!$B:$B,"">=""&EOMONTH($A62,-1)+1, All_Stats!$B:$B,""<""&EOMONTH($A62,0)+1, All_Stats!$P:$P,""Email Marketing"" )"),0.0) -> 0
A63: 44348 | B63: V15 | C63: =if(ifna(VLOOKUP(B63,'Vendor Directory'!A:C,3,0),"NOT FOUND")="","NOT FOUND",VLOOKUP(B63,'Vendor Directory'!A:C,3,0)) -> #N/A | D63: =SUMIFS(All_Stats!$G:$G, All_Stats!$D:$D,$B63, All_Stats!$B:$B,">="&EOMONTH($A63,-1)+1, All_Stats!$B:$B,"<"&EOMONTH($A63,0)+1, All_Stats!$P:$P,"Email Marketing" ) -> 0 | E63: =SUMIFS(All_Stats!$I:$I, All_Stats!$D:$D,$B63, All_Stats!$B:$B,">="&EOMONTH($A63,-1)+1, All_Stats!$B:$B,"<"&EOMONTH($A63,0)+1, All_Stats!$P:$P,"Email Marketing" ) -> 0 | F63: =iferror(E63/D63,"N/A") -> N/A | G63: =SUMIFS(All_Stats!$H:$H, All_Stats!$D:$D,$B63, All_Stats!$B:$B,">="&EOMONTH($A63,-1)+1, All_Stats!$B:$B,"<"&EOMONTH($A63,0)+1, All_Stats!$P:$P,"Email Marketing" ) -> 0 | H63: =SUMIFS(All_Stats!$K:$K, All_Stats!$D:$D,$B63, All_Stats!$B:$B,">="&EOMONTH($A63,-1)+1, All_Stats!$B:$B,"<"&EOMONTH($A63,0)+1, All_Stats!$P:$P,"Email Marketing" ) -> 0 | I63: =IFERROR(__xludf.DUMMYFUNCTION("COUNTUNIQUEIFS(All_Stats!A:A, All_Stats!$D:$D,$B63, All_Stats!$B:$B,"">=""&EOMONTH($A63,-1)+1, All_Stats!$B:$B,""<""&EOMONTH($A63,0)+1, All_Stats!$P:$P,""Email Marketing"" )"),0.0) -> 0
C64: Total | D64: =SUM(D61:D63) -> 0 | E64: =SUM(E61:E63) -> 0 | F64: =iferror(E64/D64,"N/A") -> N/A | G64: =SUM(G61:G63) -> 0 | H64: =SUM(H61:H63) -> 0 | I64: =SUM(I61:I63) -> 0
C66: NOT Email marketing
A67: Month | B67: Vendor ID | C67: Vendor Name | D67: Delivered | E67: Rejected | F67: Rejection Rate | G67: Accepted | H67: Pending | I67: N Unique CIDS
A68: 44348 | B68: V2 | C68: =if(ifna(VLOOKUP(B68,'Vendor Directory'!A:C,3,0),"NOT FOUND")="","NOT FOUND",VLOOKUP(B68,'Vendor Directory'!A:C,3,0)) -> #N/A | D68: 673 | E68: 141 | F68: =iferror(E68/D68,"N/A") -> 0.20950966 | G68: 532 | H68: =SUMIFS(All_Stats!$K:$K, All_Stats!$D:$D,$B68, All_Stats!$B:$B,">="&EOMONTH($A68,-1)+1, All_Stats!$B:$B,"<"&EOMONTH($A68,0)+1, All_Stats!$P:$P,"<>Email Marketing" ) -> 0 | I68: =IFERROR(__xludf.DUMMYFUNCTION("COUNTUNIQUEIFS(All_Stats!A:A, All_Stats!$D:$D,$B68, All_Stats!$B:$B,"">=""&EOMONTH($A68,-1)+1, All_Stats!$B:$B,""<""&EOMONTH($A68,0)+1, All_Stats!$P:$P,""<>Email Marketing"" )"),0.0) -> 0 | K68: =IFERROR(__xludf.DUMMYFUNCTION("COUNTUNIQUEIFS(All_Stats!A:A, All_Stats!$B:$B,"">=""&EOMONTH($A68,-1)+1, All_Stats!$B:$B,""<""&EOMONTH($A68,0)+1)"),0.0) -> 0
A69: 44348 | B69: V3 | C69: =if(ifna(VLOOKUP(B69,'Vendor Directory'!A:C,3,0),"NOT FOUND")="","NOT FOUND",VLOOKUP(B69,'Vendor Directory'!A:C,3,0)) -> #N/A | D69: =SUMIFS(All_Stats!$G:$G, All_Stats!$D:$D,$B69, All_Stats!$B:$B,">="&EOMONTH($A69,-1)+1, All_Stats!$B:$B,"<"&EOMONTH($A69,0)+1, All_Stats!$P:$P,"<>Email Marketing" ) -> 0 | E69: =SUMIFS(All_Stats!$I:$I, All_Stats!$D:$D,$B69, All_Stats!$B:$B,">="&EOMONTH($A69,-1)+1, All_Stats!$B:$B,"<"&EOMONTH($A69,0)+1, All_Stats!$P:$P,"<>Email Marketing" ) -> 0 | F69: =iferror(E69/D69,"N/A") -> N/A | G69: =SUMIFS(All_Stats!$H:$H, All_Stats!$D:$D,$B69, All_Stats!$B:$B,">="&EOMONTH($A69,-1)+1, All_Stats!$B:$B,"<"&EOMONTH($A69,0)+1, All_Stats!$P:$P,"<>Email Marketing" ) -> 0 | H69: =SUMIFS(All_Stats!$K:$K, All_Stats!$D:$D,$B69, All_Stats!$B:$B,">="&EOMONTH($A69,-1)+1, All_Stats!$B:$B,"<"&EOMONTH($A69,0)+1, All_Stats!$P:$P,"<>Email Marketing" ) -> 0 | I69: =IFERROR(__xludf.DUMMYFUNCTION("COUNTUNIQUEIFS(All_Stats!A:A, All_Stats!$D:$D,$B69, All_Stats!$B:$B,"">=""&EOMONTH($A69,-1)+1, All_Stats!$B:$B,""<""&EOMONTH($A69,0)+1, All_Stats!$P:$P,""<>Email Marketing"" )"),0.0) -> 0
A70: 44348 | B70: V4 | C70: =if(ifna(VLOOKUP(B70,'Vendor Directory'!A:C,3,0),"NOT FOUND")="","NOT FOUND",VLOOKUP(B70,'Vendor Directory'!A:C,3,0)) -> Vendor 2 Name | D70: =SUMIFS(All_Stats!$G:$G, All_Stats!$D:$D,$B70, All_Stats!$B:$B,">="&EOMONTH($A70,-1)+1, All_Stats!$B:$B,"<"&EOMONTH($A70,0)+1, All_Stats!$P:$P,"<>Email Marketing" ) -> 0 | E70: =SUMIFS(All_Stats!$I:$I, All_Stats!$D:$D,$B70, All_Stats!$B:$B,">="&EOMONTH($A70,-1)+1, All_Stats!$B:$B,"<"&EOMONTH($A70,0)+1, All_Stats!$P:$P,"<>Email Marketing" ) -> 0 | F70: =iferror(E70/D70,"N/A") -> N/A | G70: =SUMIFS(All_Stats!$H:$H, All_Stats!$D:$D,$B70, All_Stats!$B:$B,">="&EOMONTH($A70,-1)+1, All_Stats!$B:$B,"<"&EOMONTH($A70,0)+1, All_Stats!$P:$P,"<>Email Marketing" ) -> 0 | H70: =SUMIFS(All_Stats!$K:$K, All_Stats!$D:$D,$B70, All_Stats!$B:$B,">="&EOMONTH($A70,-1)+1, All_Stats!$B:$B,"<"&EOMONTH($A70,0)+1, All_Stats!$P:$P,"<>Email Marketing" ) -> 0 | I70: =IFERROR(__xludf.DUMMYFUNCTION("COUNTUNIQUEIFS(All_Stats!A:A, All_Stats!$D:$D,$B70, All_Stats!$B:$B,"">=""&EOMONTH($A70,-1)+1, All_Stats!$B:$B,""<""&EOMONTH($A70,0)+1, All_Stats!$P:$P,""<>Email Marketing"" )"),0.0) -> 0
A71: 44348 | B71: V5 | C71: =if(ifna(VLOOKUP(B71,'Vendor Directory'!A:C,3,0),"NOT FOUND")="","NOT FOUND",VLOOKUP(B71,'Vendor Directory'!A:C,3,0)) -> #N/A | D71: =SUMIFS(All_Stats!$G:$G, All_Stats!$D:$D,$B71, All_Stats!$B:$B,">="&EOMONTH($A71,-1)+1, All_Stats!$B:$B,"<"&EOMONTH($A71,0)+1, All_Stats!$P:$P,"<>Email Marketing" ) -> 0 | E71: =SUMIFS(All_Stats!$I:$I, All_Stats!$D:$D,$B71, All_Stats!$B:$B,">="&EOMONTH($A71,-1)+1, All_Stats!$B:$B,"<"&EOMONTH($A71,0)+1, All_Stats!$P:$P,"<>Email Marketing" ) -> 0 | F71: =iferror(E71/D71,"N/A") -> N/A | G71: =SUMIFS(All_Stats!$H:$H, All_Stats!$D:$D,$B71, All_Stats!$B:$B,">="&EOMONTH($A71,-1)+1, All_Stats!$B:$B,"<"&EOMONTH($A71,0)+1, All_Stats!$P:$P,"<>Email Marketing" ) -> 0 | H71: =SUMIFS(All_Stats!$K:$K, All_Stats!$D:$D,$B71, All_Stats!$B:$B,">="&EOMONTH($A71,-1)+1, All_Stats!$B:$B,"<"&EOMONTH($A71,0)+1, All_Stats!$P:$P,"<>Email Marketing" ) -> 0 | I71: =IFERROR(__xludf.DUMMYFUNCTION("COUNTUNIQUEIFS(All_Stats!A:A, All_Stats!$D:$D,$B71, All_Stats!$B:$B,"">=""&EOMONTH($A71,-1)+1, All_Stats!$B:$B,""<""&EOMONTH($A71,0)+1, All_Stats!$P:$P,""<>Email Marketing"" )"),0.0) -> 0
A72: 44348 | B72: V6 | C72: =if(ifna(VLOOKUP(B72,'Vendor Directory'!A:C,3,0),"NOT FOUND")="","NOT FOUND",VLOOKUP(B72,'Vendor Directory'!A:C,3,0)) -> #N/A | D72: =SUMIFS(All_Stats!$G:$G, All_Stats!$D:$D,$B72, All_Stats!$B:$B,">="&EOMONTH($A72,-1)+1, All_Stats!$B:$B,"<"&EOMONTH($A72,0)+1, All_Stats!$P:$P,"<>Email Marketing" ) -> 0 | E72: 557 | F72: =iferror(E72/D72,"N/A") -> N/A | G72: 742 | H72: =SUMIFS(All_Stats!$K:$K, All_Stats!$D:$D,$B72, All_Stats!$B:$B,">="&EOMONTH($A72,-1)+1, All_Stats!$B:$B,"<"&EOMONTH($A72,0)+1, All_Stats!$P:$P,"<>Email Marketing" ) -> 0 | I72: =IFERROR(__xludf.DUMMYFUNCTION("COUNTUNIQUEIFS(All_Stats!A:A, All_Stats!$D:$D,$B72, All_Stats!$B:$B,"">=""&EOMONTH($A72,-1)+1, All_Stats!$B:$B,""<""&EOMONTH($A72,0)+1, All_Stats!$P:$P,""<>Email Marketing"" )"),0.0) -> 0
A73: 44348 | B73: V10 | C73: =if(ifna(VLOOKUP(B73,'Vendor Directory'!A:C,3,0),"NOT FOUND")="","NOT FOUND",VLOOKUP(B73,'Vendor Directory'!A:C,3,0)) -> Vendor 4 Name | D73: =SUMIFS(All_Stats!$G:$G, All_Stats!$D:$D,$B73, All_Stats!$B:$B,">="&EOMONTH($A73,-1)+1, All_Stats!$B:$B,"<"&EOMONTH($A73,0)+1, All_Stats!$P:$P,"<>Email Marketing" ) -> 0 | E73: =SUMIFS(All_Stats!$I:$I, All_Stats!$D:$D,$B73, All_Stats!$B:$B,">="&EOMONTH($A73,-1)+1, All_Stats!$B:$B,"<"&EOMONTH($A73,0)+1, All_Stats!$P:$P,"<>Email Marketing" ) -> 0 | F73: =iferror(E73/D73,"N/A") -> N/A | G73: =SUMIFS(All_Stats!$H:$H, All_Stats!$D:$D,$B73, All_Stats!$B:$B,">="&EOMONTH($A73,-1)+1, All_Stats!$B:$B,"<"&EOMONTH($A73,0)+1, All_Stats!$P:$P,"<>Email Marketing" ) -> 0 | H73: =SUMIFS(All_Stats!$K:$K, All_Stats!$D:$D,$B73, All_Stats!$B:$B,">="&EOMONTH($A73,-1)+1, All_Stats!$B:$B,"<"&EOMONTH($A73,0)+1, All_Stats!$P:$P,"<>Email Marketing" ) -> 0 | I73: =IFERROR(__xludf.DUMMYFUNCTION("COUNTUNIQUEIFS(All_Stats!A:A, All_Stats!$D:$D,$B73, All_Stats!$B:$B,"">=""&EOMONTH($A73,-1)+1, All_Stats!$B:$B,""<""&EOMONTH($A73,0)+1, All_Stats!$P:$P,""<>Email Marketing"" )"),0.0) -> 0
A74: 44348 | B74: V11 | C74: =if(ifna(VLOOKUP(B74,'Vendor Directory'!A:C,3,0),"NOT FOUND")="","NOT FOUND",VLOOKUP(B74,'Vendor Directory'!A:C,3,0)) -> #N/A | D74: =SUMIFS(All_Stats!$G:$G, All_Stats!$D:$D,$B74, All_Stats!$B:$B,">="&EOMONTH($A74,-1)+1, All_Stats!$B:$B,"<"&EOMONTH($A74,0)+1, All_Stats!$P:$P,"<>Email Marketing" ) -> 0 | E74: =SUMIFS(All_Stats!$I:$I, All_Stats!$D:$D,$B74, All_Stats!$B:$B,">="&EOMONTH($A74,-1)+1, All_Stats!$B:$B,"<"&EOMONTH($A74,0)+1, All_Stats!$P:$P,"<>Email Marketing" ) -> 0 | F74: =iferror(E74/D74,"N/A") -> N/A | G74: =SUMIFS(All_Stats!$H:$H, All_Stats!$D:$D,$B74, All_Stats!$B:$B,">="&EOMONTH($A74,-1)+1, All_Stats!$B:$B,"<"&EOMONTH($A74,0)+1, All_Stats!$P:$P,"<>Email Marketing" ) -> 0 | H74: =SUMIFS(All_Stats!$K:$K, All_Stats!$D:$D,$B74, All_Stats!$B:$B,">="&EOMONTH($A74,-1)+1, All_Stats!$B:$B,"<"&EOMONTH($A74,0)+1, All_Stats!$P:$P,"<>Email Marketing" ) -> 0 | I74: =IFERROR(__xludf.DUMMYFUNCTION("COUNTUNIQUEIFS(All_Stats!A:A, All_Stats!$D:$D,$B74, All_Stats!$B:$B,"">=""&EOMONTH($A74,-1)+1, All_Stats!$B:$B,""<""&EOMONTH($A74,0)+1, All_Stats!$P:$P,""<>Email Marketing"" )"),0.0) -> 0
A75: 44348 | B75: V13 | C75: =if(ifna(VLOOKUP(B75,'Vendor Directory'!A:C,3,0),"NOT FOUND")="","NOT FOUND",VLOOKUP(B75,'Vendor Directory'!A:C,3,0)) -> #N/A | D75: =SUMIFS(All_Stats!$G:$G, All_Stats!$D:$D,$B75, All_Stats!$B:$B,">="&EOMONTH($A75,-1)+1, All_Stats!$B:$B,"<"&EOMONTH($A75,0)+1, All_Stats!$P:$P,"<>Email Marketing" ) -> 0 | E75: =SUMIFS(All_Stats!$I:$I, All_Stats!$D:$D,$B75, All_Stats!$B:$B,">="&EOMONTH($A75,-1)+1, All_Stats!$B:$B,"<"&EOMONTH($A75,0)+1, All_Stats!$P:$P,"<>Email Marketing" ) -> 0 | F75: =iferror(E75/D75,"N/A") -> N/A | G75: =SUMIFS(All_Stats!$H:$H, All_Stats!$D:$D,$B75, All_Stats!$B:$B,">="&EOMONTH($A75,-1)+1, All_Stats!$B:$B,"<"&EOMONTH($A75,0)+1, All_Stats!$P:$P,"<>Email Marketing" ) -> 0 | H75: =SUMIFS(All_Stats!$K:$K, All_Stats!$D:$D,$B75, All_Stats!$B:$B,">="&EOMONTH($A75,-1)+1, All_Stats!$B:$B,"<"&EOMONTH($A75,0)+1, All_Stats!$P:$P,"<>Email Marketing" ) -> 0 | I75: =IFERROR(__xludf.DUMMYFUNCTION("COUNTUNIQUEIFS(All_Stats!A:A, All_Stats!$D:$D,$B75, All_Stats!$B:$B,"">=""&EOMONTH($A75,-1)+1, All_Stats!$B:$B,""<""&EOMONTH($A75,0)+1, All_Stats!$P:$P,""<>Email Marketing"" )"),0.0) -> 0
A76: 44348 | B76: V15 | C76: =if(ifna(VLOOKUP(B76,'Vendor Directory'!A:C,3,0),"NOT FOUND")="","NOT FOUND",VLOOKUP(B76,'Vendor Directory'!A:C,3,0)) -> #N/A | D76: =SUMIFS(All_Stats!$G:$G, All_Stats!$D:$D,$B76, All_Stats!$B:$B,">="&EOMONTH($A76,-1)+1, All_Stats!$B:$B,"<"&EOMONTH($A76,0)+1, All_Stats!$P:$P,"<>Email Marketing" ) -> 0 | E76: =SUMIFS(All_Stats!$I:$I, All_Stats!$D:$D,$B76, All_Stats!$B:$B,">="&EOMONTH($A76,-1)+1, All_Stats!$B:$B,"<"&EOMONTH($A76,0)+1, All_Stats!$P:$P,"<>Email Marketing" ) -> 0 | F76: =iferror(E76/D76,"N/A") -> N/A | G76: =SUMIFS(All_Stats!$H:$H, All_Stats!$D:$D,$B76, All_Stats!$B:$B,">="&EOMONTH($A76,-1)+1, All_Stats!$B:$B,"<"&EOMONTH($A76,0)+1, All_Stats!$P:$P,"<>Email Marketing" ) -> 0 | H76: =SUMIFS(All_Stats!$K:$K, All_Stats!$D:$D,$B76, All_Stats!$B:$B,">="&EOMONTH($A76,-1)+1, All_Stats!$B:$B,"<"&EOMONTH($A76,0)+1, All_Stats!$P:$P,"<>Email Marketing" ) -> 0 | I76: =IFERROR(__xludf.DUMMYFUNCTION("COUNTUNIQUEIFS(All_Stats!A:A, All_Stats!$D:$D,$B76, All_Stats!$B:$B,"">=""&EOMONTH($A76,-1)+1, All_Stats!$B:$B,""<""&EOMONTH($A76,0)+1, All_Stats!$P:$P,""<>Email Marketing"" )"),0.0) -> 0
A77: 44348 | B77: V17 | C77: =if(ifna(VLOOKUP(B77,'Vendor Directory'!A:C,3,0),"NOT FOUND")="","NOT FOUND",VLOOKUP(B77,'Vendor Directory'!A:C,3,0)) -> #N/A | D77: =SUMIFS(All_Stats!$G:$G, All_Stats!$D:$D,$B77, All_Stats!$B:$B,">="&EOMONTH($A77,-1)+1, All_Stats!$B:$B,"<"&EOMONTH($A77,0)+1, All_Stats!$P:$P,"<>Email Marketing" ) -> 0 | E77: =SUMIFS(All_Stats!$I:$I, All_Stats!$D:$D,$B77, All_Stats!$B:$B,">="&EOMONTH($A77,-1)+1, All_Stats!$B:$B,"<"&EOMONTH($A77,0)+1, All_Stats!$P:$P,"<>Email Marketing" ) -> 0 | F77: =iferror(E77/D77,"N/A") -> N/A | G77: =SUMIFS(All_Stats!$H:$H, All_Stats!$D:$D,$B77, All_Stats!$B:$B,">="&EOMONTH($A77,-1)+1, All_Stats!$B:$B,"<"&EOMONTH($A77,0)+1, All_Stats!$P:$P,"<>Email Marketing" ) -> 0 | H77: =SUMIFS(All_Stats!$K:$K, All_Stats!$D:$D,$B77, All_Stats!$B:$B,">="&EOMONTH($A77,-1)+1, All_Stats!$B:$B,"<"&EOMONTH($A77,0)+1, All_Stats!$P:$P,"<>Email Marketing" ) -> 0 | I77: =IFERROR(__xludf.DUMMYFUNCTION("COUNTUNIQUEIFS(All_Stats!A:A, All_Stats!$D:$D,$B77, All_Stats!$B:$B,"">=""&EOMONTH($A77,-1)+1, All_Stats!$B:$B,""<""&EOMONTH($A77,0)+1, All_Stats!$P:$P,""<>Email Marketing"" )"),0.0) -> 0
A78: 44348 | B78: V19 | C78: =if(ifna(VLOOKUP(B78,'Vendor Directory'!A:C,3,0),"NOT FOUND")="","NOT FOUND",VLOOKUP(B78,'Vendor Directory'!A:C,3,0)) -> #N/A | D78: =SUMIFS(All_Stats!$G:$G, All_Stats!$D:$D,$B78, All_Stats!$B:$B,">="&EOMONTH($A78,-1)+1, All_Stats!$B:$B,"<"&EOMONTH($A78,0)+1, All_Stats!$P:$P,"<>Email Marketing" ) -> 0 | E78: =SUMIFS(All_Stats!$I:$I, All_Stats!$D:$D,$B78, All_Stats!$B:$B,">="&EOMONTH($A78,-1)+1, All_Stats!$B:$B,"<"&EOMONTH($A78,0)+1, All_Stats!$P:$P,"<>Email Marketing" ) -> 0 | F78: =iferror(E78/D78,"N/A") -> N/A | G78: =SUMIFS(All_Stats!$H:$H, All_Stats!$D:$D,$B78, All_Stats!$B:$B,">="&EOMONTH($A78,-1)+1, All_Stats!$B:$B,"<"&EOMONTH($A78,0)+1, All_Stats!$P:$P,"<>Email Marketing" ) -> 0 | H78: =SUMIFS(All_Stats!$K:$K, All_Stats!$D:$D,$B78, All_Stats!$B:$B,">="&EOMONTH($A78,-1)+1, All_Stats!$B:$B,"<"&EOMONTH($A78,0)+1, All_Stats!$P:$P,"<>Email Marketing" ) -> 0 | I78: =IFERROR(__xludf.DUMMYFUNCTION("COUNTUNIQUEIFS(All_Stats!A:A, All_Stats!$D:$D,$B78, All_Stats!$B:$B,"">=""&EOMONTH($A78,-1)+1, All_Stats!$B:$B,""<""&EOMONTH($A78,0)+1, All_Stats!$P:$P,""<>Email Marketing"" )"),0.0) -> 0
A79: 44348 | B79: V20 | C79: =if(ifna(VLOOKUP(B79,'Vendor Directory'!A:C,3,0),"NOT FOUND")="","NOT FOUND",VLOOKUP(B79,'Vendor Directory'!A:C,3,0)) -> #N/A | D79: =SUMIFS(All_Stats!$G:$G, All_Stats!$D:$D,$B79, All_Stats!$B:$B,">="&EOMONTH($A79,-1)+1, All_Stats!$B:$B,"<"&EOMONTH($A79,0)+1, All_Stats!$P:$P,"<>Email Marketing" ) -> 0 | E79: =SUMIFS(All_Stats!$I:$I, All_Stats!$D:$D,$B79, All_Stats!$B:$B,">="&EOMONTH($A79,-1)+1, All_Stats!$B:$B,"<"&EOMONTH($A79,0)+1, All_Stats!$P:$P,"<>Email Marketing" ) -> 0 | F79: =iferror(E79/D79,"N/A") -> N/A | G79: =SUMIFS(All_Stats!$H:$H, All_Stats!$D:$D,$B79, All_Stats!$B:$B,">="&EOMONTH($A79,-1)+1, All_Stats!$B:$B,"<"&EOMONTH($A79,0)+1, All_Stats!$P:$P,"<>Email Marketing" ) -> 0 | H79: =SUMIFS(All_Stats!$K:$K, All_Stats!$D:$D,$B79, All_Stats!$B:$B,">="&EOMONTH($A79,-1)+1, All_Stats!$B:$B,"<"&EOMONTH($A79,0)+1, All_Stats!$P:$P,"<>Email Marketing" ) -> 0 | I79: =IFERROR(__xludf.DUMMYFUNCTION("COUNTUNIQUEIFS(All_Stats!A:A, All_Stats!$D:$D,$B79, All_Stats!$B:$B,"">=""&EOMONTH($A79,-1)+1, All_Stats!$B:$B,""<""&EOMONTH($A79,0)+1, All_Stats!$P:$P,""<>Email Marketing"" )"),0.0) -> 0
A80: 44348 | B80: V22 | C80: =if(ifna(VLOOKUP(B80,'Vendor Directory'!A:C,3,0),"NOT FOUND")="","NOT FOUND",VLOOKUP(B80,'Vendor Directory'!A:C,3,0)) -> #N/A | D80: =SUMIFS(All_Stats!$G:$G, All_Stats!$D:$D,$B80, All_Stats!$B:$B,">="&EOMONTH($A80,-1)+1, All_Stats!$B:$B,"<"&EOMONTH($A80,0)+1, All_Stats!$P:$P,"<>Email Marketing" ) -> 0 | E80: =SUMIFS(All_Stats!$I:$I, All_Stats!$D:$D,$B80, All_Stats!$B:$B,">="&EOMONTH($A80,-1)+1, All_Stats!$B:$B,"<"&EOMONTH($A80,0)+1, All_Stats!$P:$P,"<>Email Marketing" ) -> 0 | F80: =iferror(E80/D80,"N/A") -> N/A | G80: =SUMIFS(All_Stats!$H:$H, All_Stats!$D:$D,$B80, All_Stats!$B:$B,">="&EOMONTH($A80,-1)+1, All_Stats!$B:$B,"<"&EOMONTH($A80,0)+1, All_Stats!$P:$P,"<>Email Marketing" ) -> 0 | H80: =SUMIFS(All_Stats!$K:$K, All_Stats!$D:$D,$B80, All_Stats!$B:$B,">="&EOMONTH($A80,-1)+1, All_Stats!$B:$B,"<"&EOMONTH($A80,0)+1, All_Stats!$P:$P,"<>Email Marketing" ) -> 0 | I80: =IFERROR(__xludf.DUMMYFUNCTION("COUNTUNIQUEIFS(All_Stats!A:A, All_Stats!$D:$D,$B80, All_Stats!$B:$B,"">=""&EOMONTH($A80,-1)+1, All_Stats!$B:$B,""<""&EOMONTH($A80,0)+1, All_Stats!$P:$P,""<>Email Marketing"" )"),0.0) -> 0
A81: 44348 | B81: V24 | C81: =if(ifna(VLOOKUP(B81,'Vendor Directory'!A:C,3,0),"NOT FOUND")="","NOT FOUND",VLOOKUP(B81,'Vendor Directory'!A:C,3,0)) -> #N/A | D81: =SUMIFS(All_Stats!$G:$G, All_Stats!$D:$D,$B81, All_Stats!$B:$B,">="&EOMONTH($A81,-1)+1, All_Stats!$B:$B,"<"&EOMONTH($A81,0)+1, All_Stats!$P:$P,"<>Email Marketing" ) -> 0 | E81: =SUMIFS(All_Stats!$I:$I, All_Stats!$D:$D,$B81, All_Stats!$B:$B,">="&EOMONTH($A81,-1)+1, All_Stats!$B:$B,"<"&EOMONTH($A81,0)+1, All_Stats!$P:$P,"<>Email Marketing" ) -> 0 | F81: =iferror(E81/D81,"N/A") -> N/A | G81: =SUMIFS(All_Stats!$H:$H, All_Stats!$D:$D,$B81, All_Stats!$B:$B,">="&EOMONTH($A81,-1)+1, All_Stats!$B:$B,"<"&EOMONTH($A81,0)+1, All_Stats!$P:$P,"<>Email Marketing" ) -> 0 | H81: =SUMIFS(All_Stats!$K:$K, All_Stats!$D:$D,$B81, All_Stats!$B:$B,">="&EOMONTH($A81,-1)+1, All_Stats!$B:$B,"<"&EOMONTH($A81,0)+1, All_Stats!$P:$P,"<>Email Marketing" ) -> 0 | I81: =IFERROR(__xludf.DUMMYFUNCTION("COUNTUNIQUEIFS(All_Stats!A:A, All_Stats!$D:$D,$B81, All_Stats!$B:$B,"">=""&EOMONTH($A81,-1)+1, All_Stats!$B:$B,""<""&EOMONTH($A81,0)+1, All_Stats!$P:$P,""<>Email Marketing"" )"),0.0) -> 0
A82: 44348 | B82: V26 | C82: =if(ifna(VLOOKUP(B82,'Vendor Directory'!A:C,3,0),"NOT FOUND")="","NOT FOUND",VLOOKUP(B82,'Vendor Directory'!A:C,3,0)) -> #N/A | D82: =SUMIFS(All_Stats!$G:$G, All_Stats!$D:$D,$B82, All_Stats!$B:$B,">="&EOMONTH($A82,-1)+1, All_Stats!$B:$B,"<"&EOMONTH($A82,0)+1, All_Stats!$P:$P,"<>Email Marketing" ) -> 0 | E82: =SUMIFS(All_Stats!$I:$I, All_Stats!$D:$D,$B82, All_Stats!$B:$B,">="&EOMONTH($A82,-1)+1, All_Stats!$B:$B,"<"&EOMONTH($A82,0)+1, All_Stats!$P:$P,"<>Email Marketing" ) -> 0 | F82: =iferror(E82/D82,"N/A") -> N/A | G82: =SUMIFS(All_Stats!$H:$H, All_Stats!$D:$D,$B82, All_Stats!$B:$B,">="&EOMONTH($A82,-1)+1, All_Stats!$B:$B,"<"&EOMONTH($A82,0)+1, All_Stats!$P:$P,"<>Email Marketing" ) -> 0 | H82: =SUMIFS(All_Stats!$K:$K, All_Stats!$D:$D,$B82, All_Stats!$B:$B,">="&EOMONTH($A82,-1)+1, All_Stats!$B:$B,"<"&EOMONTH($A82,0)+1, All_Stats!$P:$P,"<>Email Marketing" ) -> 0 | I82: =IFERROR(__xludf.DUMMYFUNCTION("COUNTUNIQUEIFS(All_Stats!A:A, All_Stats!$D:$D,$B82, All_Stats!$B:$B,"">=""&EOMONTH($A82,-1)+1, All_Stats!$B:$B,""<""&EOMONTH($A82,0)+1, All_Stats!$P:$P,""<>Email Marketing"" )"),0.0) -> 0
A83: 44348 | B83: V28 | C83: =if(ifna(VLOOKUP(B83,'Vendor Directory'!A:C,3,0),"NOT FOUND")="","NOT FOUND",VLOOKUP(B83,'Vendor Directory'!A:C,3,0)) -> #N/A | D83: =SUMIFS(All_Stats!$G:$G, All_Stats!$D:$D,$B83, All_Stats!$B:$B,">="&EOMONTH($A83,-1)+1, All_Stats!$B:$B,"<"&EOMONTH($A83,0)+1, All_Stats!$P:$P,"<>Email Marketing" ) -> 0 | E83: =SUMIFS(All_Stats!$I:$I, All_Stats!$D:$D,$B83, All_Stats!$B:$B,">="&EOMONTH($A83,-1)+1, All_Stats!$B:$B,"<"&EOMONTH($A83,0)+1, All_Stats!$P:$P,"<>Email Marketing" ) -> 0 | F83: =iferror(E83/D83,"N/A") -> N/A | G83: =SUMIFS(All_Stats!$H:$H, All_Stats!$D:$D,$B83, All_Stats!$B:$B,">="&EOMONTH($A83,-1)+1, All_Stats!$B:$B,"<"&EOMONTH($A83,0)+1, All_Stats!$P:$P,"<>Email Marketing" ) -> 0 | H83: =SUMIFS(All_Stats!$K:$K, All_Stats!$D:$D,$B83, All_Stats!$B:$B,">="&EOMONTH($A83,-1)+1, All_Stats!$B:$B,"<"&EOMONTH($A83,0)+1, All_Stats!$P:$P,"<>Email Marketing" ) -> 0 | I83: =IFERROR(__xludf.DUMMYFUNCTION("COUNTUNIQUEIFS(All_Stats!A:A, All_Stats!$D:$D,$B83, All_Stats!$B:$B,"">=""&EOMONTH($A83,-1)+1, All_Stats!$B:$B,""<""&EOMONTH($A83,0)+1, All_Stats!$P:$P,""<>Email Marketing"" )"),0.0) -> 0
A84: 44348 | B84: V29 | C84: =if(ifna(VLOOKUP(B84,'Vendor Directory'!A:C,3,0),"NOT FOUND")="","NOT FOUND",VLOOKUP(B84,'Vendor Directory'!A:C,3,0)) -> #N/A | D84: =SUMIFS(All_Stats!$G:$G, All_Stats!$D:$D,$B84, All_Stats!$B:$B,">="&EOMONTH($A84,-1)+1, All_Stats!$B:$B,"<"&EOMONTH($A84,0)+1, All_Stats!$P:$P,"<>Email Marketing" ) -> 0 | E84: =SUMIFS(All_Stats!$I:$I, All_Stats!$D:$D,$B84, All_Stats!$B:$B,">="&EOMONTH($A84,-1)+1, All_Stats!$B:$B,"<"&EOMONTH($A84,0)+1, All_Stats!$P:$P,"<>Email Marketing" ) -> 0 | F84: =iferror(E84/D84,"N/A") -> N/A | G84: =SUMIFS(All_Stats!$H:$H, All_Stats!$D:$D,$B84, All_Stats!$B:$B,">="&EOMONTH($A84,-1)+1, All_Stats!$B:$B,"<"&EOMONTH($A84,0)+1, All_Stats!$P:$P,"<>Email Marketing" ) -> 0 | H84: =SUMIFS(All_Stats!$K:$K, All_Stats!$D:$D,$B84, All_Stats!$B:$B,">="&EOMONTH($A84,-1)+1, All_Stats!$B:$B,"<"&EOMONTH($A84,0)+1, All_Stats!$P:$P,"<>Email Marketing" ) -> 0 | I84: =IFERROR(__xludf.DUMMYFUNCTION("COUNTUNIQUEIFS(All_Stats!A:A, All_Stats!$D:$D,$B84, All_Stats!$B:$B,"">=""&EOMONTH($A84,-1)+1, All_Stats!$B:$B,""<""&EOMONTH($A84,0)+1, All_Stats!$P:$P,""<>Email Marketing"" )"),0.0) -> 0
A85: 44348 | B85: V31 | C85: =if(ifna(VLOOKUP(B85,'Vendor Directory'!A:C,3,0),"NOT FOUND")="","NOT FOUND",VLOOKUP(B85,'Vendor Directory'!A:C,3,0)) -> #N/A | D85: =SUMIFS(All_Stats!$G:$G, All_Stats!$D:$D,$B85, All_Stats!$B:$B,">="&EOMONTH($A85,-1)+1, All_Stats!$B:$B,"<"&EOMONTH($A85,0)+1, All_Stats!$P:$P,"<>Email Marketing" ) -> 0 | E85: =SUMIFS(All_Stats!$I:$I, All_Stats!$D:$D,$B85, All_Stats!$B:$B,">="&EOMONTH($A85,-1)+1, All_Stats!$B:$B,"<"&EOMONTH($A85,0)+1, All_Stats!$P:$P,"<>Email Marketing" ) -> 0 | F85: =iferror(E85/D85,"N/A") -> N/A | G85: =SUMIFS(All_Stats!$H:$H, All_Stats!$D:$D,$B85, All_Stats!$B:$B,">="&EOMONTH($A85,-1)+1, All_Stats!$B:$B,"<"&EOMONTH($A85,0)+1, All_Stats!$P:$P,"<>Email Marketing" ) -> 0 | H85: =SUMIFS(All_Stats!$K:$K, All_Stats!$D:$D,$B85, All_Stats!$B:$B,">="&EOMONTH($A85,-1)+1, All_Stats!$B:$B,"<"&EOMONTH($A85,0)+1, All_Stats!$P:$P,"<>Email Marketing" ) -> 0 | I85: =IFERROR(__xludf.DUMMYFUNCTION("COUNTUNIQUEIFS(All_Stats!A:A, All_Stats!$D:$D,$B85, All_Stats!$B:$B,"">=""&EOMONTH($A85,-1)+1, All_Stats!$B:$B,""<""&EOMONTH($A85,0)+1, All_Stats!$P:$P,""<>Email Marketing"" )"),0.0) -> 0
A86: 44348 | B86: V33 | C86: =if(ifna(VLOOKUP(B86,'Vendor Directory'!A:C,3,0),"NOT FOUND")="","NOT FOUND",VLOOKUP(B86,'Vendor Directory'!A:C,3,0)) -> #N/A | D86: =SUMIFS(All_Stats!$G:$G, All_Stats!$D:$D,$B86, All_Stats!$B:$B,">="&EOMONTH($A86,-1)+1, All_Stats!$B:$B,"<"&EOMONTH($A86,0)+1, All_Stats!$P:$P,"<>Email Marketing" ) -> 0 | E86: =SUMIFS(All_Stats!$I:$I, All_Stats!$D:$D,$B86, All_Stats!$B:$B,">="&EOMONTH($A86,-1)+1, All_Stats!$B:$B,"<"&EOMONTH($A86,0)+1, All_Stats!$P:$P,"<>Email Marketing" ) -> 0 | F86: =iferror(E86/D86,"N/A") -> N/A | G86: =SUMIFS(All_Stats!$H:$H, All_Stats!$D:$D,$B86, All_Stats!$B:$B,">="&EOMONTH($A86,-1)+1, All_Stats!$B:$B,"<"&EOMONTH($A86,0)+1, All_Stats!$P:$P,"<>Email Marketing" ) -> 0 | H86: =SUMIFS(All_Stats!$K:$K, All_Stats!$D:$D,$B86, All_Stats!$B:$B,">="&EOMONTH($A86,-1)+1, All_Stats!$B:$B,"<"&EOMONTH($A86,0)+1, All_Stats!$P:$P,"<>Email Marketing" ) -> 0 | I86: =IFERROR(__xludf.DUMMYFUNCTION("COUNTUNIQUEIFS(All_Stats!A:A, All_Stats!$D:$D,$B86, All_Stats!$B:$B,"">=""&EOMONTH($A86,-1)+1, All_Stats!$B:$B,""<""&EOMONTH($A86,0)+1, All_Stats!$P:$P,""<>Email Marketing"" )"),0.0) -> 0
A87: 44348 | B87: V34 | C87: =if(ifna(VLOOKUP(B87,'Vendor Directory'!A:C,3,0),"NOT FOUND")="","NOT FOUND",VLOOKUP(B87,'Vendor Directory'!A:C,3,0)) -> #N/A | D87: =SUMIFS(All_Stats!$G:$G, All_Stats!$D:$D,$B87, All_Stats!$B:$B,">="&EOMONTH($A87,-1)+1, All_Stats!$B:$B,"<"&EOMONTH($A87,0)+1, All_Stats!$P:$P,"<>Email Marketing" ) -> 0 | E87: =SUMIFS(All_Stats!$I:$I, All_Stats!$D:$D,$B87, All_Stats!$B:$B,">="&EOMONTH($A87,-1)+1, All_Stats!$B:$B,"<"&EOMONTH($A87,0)+1, All_Stats!$P:$P,"<>Email Marketing" ) -> 0 | F87: =iferror(E87/D87,"N/A") -> N/A | G87: =SUMIFS(All_Stats!$H:$H, All_Stats!$D:$D,$B87, All_Stats!$B:$B,">="&EOMONTH($A87,-1)+1, All_Stats!$B:$B,"<"&EOMONTH($A87,0)+1, All_Stats!$P:$P,"<>Email Marketing" ) -> 0 | H87: =SUMIFS(All_Stats!$K:$K, All_Stats!$D:$D,$B87, All_Stats!$B:$B,">="&EOMONTH($A87,-1)+1, All_Stats!$B:$B,"<"&EOMONTH($A87,0)+1, All_Stats!$P:$P,"<>Email Marketing" ) -> 0 | I87: =IFERROR(__xludf.DUMMYFUNCTION("COUNTUNIQUEIFS(All_Stats!A:A, All_Stats!$D:$D,$B87, All_Stats!$B:$B,"">=""&EOMONTH($A87,-1)+1, All_Stats!$B:$B,""<""&EOMONTH($A87,0)+1, All_Stats!$P:$P,""<>Email Marketing"" )"),0.0) -> 0
C88: Total | D88: =SUM(D68:D86) -> 673 | E88: =SUM(E68:E86) -> 698 | F88: =iferror(E88/D88,"N/A") -> 1.0371471 | G88: =SUM(G68:G86) -> 1274 | H88: =SUM(H68:H86) -> 0 | I88: =SUM(I68:I86) -> 0
C90: Email marketing
A91: Month | B91: Vendor ID | C91: Vendor Name | D91: Delivered | E91: Rejected | F91: Rejection Rate | G91: Accepted | H91: Pending | I91: N Unique CIDS
A92: 44378 | B92: V5 | C92: =if(ifna(VLOOKUP(B92,'Vendor Directory'!A:C,3,0),"NOT FOUND")="","NOT FOUND",VLOOKUP(B92,'Vendor Directory'!A:C,3,0)) -> #N/A | D92: =SUMIFS(All_Stats!$G:$G, All_Stats!$D:$D,$B92, All_Stats!$B:$B,">="&EOMONTH($A92,-1)+1, All_Stats!$B:$B,"<"&EOMONTH($A92,0)+1, All_Stats!$P:$P,"Email Marketing" ) -> 0 | E92: =SUMIFS(All_Stats!$I:$I, All_Stats!$D:$D,$B92, All_Stats!$B:$B,">="&EOMONTH($A92,-1)+1, All_Stats!$B:$B,"<"&EOMONTH($A92,0)+1, All_Stats!$P:$P,"Email Marketing" ) -> 0 | F92: =iferror(E92/D92,"N/A") -> N/A | G92: =SUMIFS(All_Stats!$H:$H, All_Stats!$D:$D,$B92, All_Stats!$B:$B,">="&EOMONTH($A92,-1)+1, All_Stats!$B:$B,"<"&EOMONTH($A92,0)+1, All_Stats!$P:$P,"Email Marketing" ) -> 0 | H92: =SUMIFS(All_Stats!$K:$K, All_Stats!$D:$D,$B92, All_Stats!$B:$B,">="&EOMONTH($A92,-1)+1, All_Stats!$B:$B,"<"&EOMONTH($A92,0)+1, All_Stats!$P:$P,"Email Marketing" ) -> 0 | I92: =IFERROR(__xludf.DUMMYFUNCTION("COUNTUNIQUEIFS(All_Stats!A:A, All_Stats!$D:$D,$B92, All_Stats!$B:$B,"">=""&EOMONTH($A92,-1)+1, All_Stats!$B:$B,""<""&EOMONTH($A92,0)+1, All_Stats!$P:$P,""Email Marketing"" )"),0.0) -> 0
A93: 44378 | B93: V6 | C93: =if(ifna(VLOOKUP(B93,'Vendor Directory'!A:C,3,0),"NOT FOUND")="","NOT FOUND",VLOOKUP(B93,'Vendor Directory'!A:C,3,0)) -> #N/A | D93: =SUMIFS(All_Stats!$G:$G, All_Stats!$D:$D,$B93, All_Stats!$B:$B,">="&EOMONTH($A93,-1)+1, All_Stats!$B:$B,"<"&EOMONTH($A93,0)+1, All_Stats!$P:$P,"Email Marketing" ) -> 0 | E93: =SUMIFS(All_Stats!$I:$I, All_Stats!$D:$D,$B93, All_Stats!$B:$B,">="&EOMONTH($A93,-1)+1, All_Stats!$B:$B,"<"&EOMONTH($A93,0)+1, All_Stats!$P:$P,"Email Marketing" ) -> 0 | F93: =iferror(E93/D93,"N/A") -> N/A | G93: =SUMIFS(All_Stats!$H:$H, All_Stats!$D:$D,$B93, All_Stats!$B:$B,">="&EOMONTH($A93,-1)+1, All_Stats!$B:$B,"<"&EOMONTH($A93,0)+1, All_Stats!$P:$P,"Email Marketing" ) -> 0 | H93: =SUMIFS(All_Stats!$K:$K, All_Stats!$D:$D,$B93, All_Stats!$B:$B,">="&EOMONTH($A93,-1)+1, All_Stats!$B:$B,"<"&EOMONTH($A93,0)+1, All_Stats!$P:$P,"Email Marketing" ) -> 0 | I93: =IFERROR(__xludf.DUMMYFUNCTION("COUNTUNIQUEIFS(All_Stats!A:A, All_Stats!$D:$D,$B93, All_Stats!$B:$B,"">=""&EOMONTH($A93,-1)+1, All_Stats!$B:$B,""<""&EOMONTH($A93,0)+1, All_Stats!$P:$P,""Email Marketing"" )"),0.0) -> 0
A94: 44378 | B94: V15 | C94: =if(ifna(VLOOKUP(B94,'Vendor Directory'!A:C,3,0),"NOT FOUND")="","NOT FOUND",VLOOKUP(B94,'Vendor Directory'!A:C,3,0)) -> #N/A | D94: =SUMIFS(All_Stats!$G:$G, All_Stats!$D:$D,$B94, All_Stats!$B:$B,">="&EOMONTH($A94,-1)+1, All_Stats!$B:$B,"<"&EOMONTH($A94,0)+1, All_Stats!$P:$P,"Email Marketing" ) -> 0 | E94: =SUMIFS(All_Stats!$I:$I, All_Stats!$D:$D,$B94, All_Stats!$B:$B,">="&EOMONTH($A94,-1)+1, All_Stats!$B:$B,"<"&EOMONTH($A94,0)+1, All_Stats!$P:$P,"Email Marketing" ) -> 0 | F94: =iferror(E94/D94,"N/A") -> N/A | G94: =SUMIFS(All_Stats!$H:$H, All_Stats!$D:$D,$B94, All_Stats!$B:$B,">="&EOMONTH($A94,-1)+1, All_Stats!$B:$B,"<"&EOMONTH($A94,0)+1, All_Stats!$P:$P,"Email Marketing" ) -> 0 | H94: =SUMIFS(All_Stats!$K:$K, All_Stats!$D:$D,$B94, All_Stats!$B:$B,">="&EOMONTH($A94,-1)+1, All_Stats!$B:$B,"<"&EOMONTH($A94,0)+1, All_Stats!$P:$P,"Email Marketing" ) -> 0 | I94: =IFERROR(__xludf.DUMMYFUNCTION("COUNTUNIQUEIFS(All_Stats!A:A, All_Stats!$D:$D,$B94, All_Stats!$B:$B,"">=""&EOMONTH($A94,-1)+1, All_Stats!$B:$B,""<""&EOMONTH($A94,0)+1, All_Stats!$P:$P,""Email Marketing"" )"),0.0) -> 0
C95: Total | D95: =SUM(D92:D94) -> 0 | E95: =SUM(E92:E94) -> 0 | F95: =iferror(E95/D95,"N/A") -> N/A | G95: =SUM(G92:G94) -> 0 | H95: =SUM(H92:H94) -> 0
C97: NOT Email marketing
A98: Month | B98: Vendor ID | C98: Vendor Name | D98: Delivered | E98: Rejected | F98: Rejection Rate | G98: Accepted | H98: Pending | I98: N Unique CIDS
A99: 44378 | B99: V2 | C99: =if(ifna(VLOOKUP(B99,'Vendor Directory'!A:C,3,0),"NOT FOUND")="","NOT FOUND",VLOOKUP(B99,'Vendor Directory'!A:C,3,0)) -> #N/A | D99: =SUMIFS(All_Stats!$G:$G, All_Stats!$D:$D,$B99, All_Stats!$B:$B,">="&EOMONTH($A99,-1)+1, All_Stats!$B:$B,"<"&EOMONTH($A99,0)+1, All_Stats!$P:$P,"<>Email Marketing" ) -> 0 | E99: =SUMIFS(All_Stats!$I:$I, All_Stats!$D:$D,$B99, All_Stats!$B:$B,">="&EOMONTH($A99,-1)+1, All_Stats!$B:$B,"<"&EOMONTH($A99,0)+1, All_Stats!$P:$P,"<>Email Marketing" ) -> 0 | F99: =iferror(E99/D99,"N/A") -> N/A | G99: =SUMIFS(All_Stats!$H:$H, All_Stats!$D:$D,$B99, All_Stats!$B:$B,">="&EOMONTH($A99,-1)+1, All_Stats!$B:$B,"<"&EOMONTH($A99,0)+1, All_Stats!$P:$P,"<>Email Marketing" ) -> 0 | H99: =SUMIFS(All_Stats!$K:$K, All_Stats!$D:$D,$B99, All_Stats!$B:$B,">="&EOMONTH($A99,-1)+1, All_Stats!$B:$B,"<"&EOMONTH($A99,0)+1, All_Stats!$P:$P,"<>Email Marketing" ) -> 0 | I99: =IFERROR(__xludf.DUMMYFUNCTION("COUNTUNIQUEIFS(All_Stats!A:A, All_Stats!$D:$D,$B99, All_Stats!$B:$B,"">=""&EOMONTH($A99,-1)+1, All_Stats!$B:$B,""<""&EOMONTH($A99,0)+1, All_Stats!$P:$P,""<>Email Marketing"" )"),0.0) -> 0
A100: 44378 | B100: V3 | C100: =if(ifna(VLOOKUP(B100,'Vendor Directory'!A:C,3,0),"NOT FOUND")="","NOT FOUND",VLOOKUP(B100,'Vendor Directory'!A:C,3,0)) -> #N/A | D100: =SUMIFS(All_Stats!$G:$G, All_Stats!$D:$D,$B100, All_Stats!$B:$B,">="&EOMONTH($A100,-1)+1, All_Stats!$B:$B,"<"&EOMONTH($A100,0)+1, All_Stats!$P:$P,"<>Email Marketing" ) -> 0 | E100: =SUMIFS(All_Stats!$I:$I, All_Stats!$D:$D,$B100, All_Stats!$B:$B,">="&EOMONTH($A100,-1)+1, All_Stats!$B:$B,"<"&EOMONTH($A100,0)+1, All_Stats!$P:$P,"<>Email Marketing" ) -> 0 | F100: =iferror(E100/D100,"N/A") -> N/A | G100: =SUMIFS(All_Stats!$H:$H, All_Stats!$D:$D,$B100, All_Stats!$B:$B,">="&EOMONTH($A100,-1)+1, All_Stats!$B:$B,"<"&EOMONTH($A100,0)+1, All_Stats!$P:$P,"<>Email Marketing" ) -> 0 | H100: =SUMIFS(All_Stats!$K:$K, All_Stats!$D:$D,$B100, All_Stats!$B:$B,">="&EOMONTH($A100,-1)+1, All_Stats!$B:$B,"<"&EOMONTH($A100,0)+1, All_Stats!$P:$P,"<>Email Marketing" ) -> 0 | I100: =IFERROR(__xludf.DUMMYFUNCTION("COUNTUNIQUEIFS(All_Stats!A:A, All_Stats!$D:$D,$B100, All_Stats!$B:$B,"">=""&EOMONTH($A100,-1)+1, All_Stats!$B:$B,""<""&EOMONTH($A100,0)+1, All_Stats!$P:$P,""<>Email Marketing"" )"),0.0) -> 0
A101: 44378 | B101: V4 | C101: =if(ifna(VLOOKUP(B101,'Vendor Directory'!A:C,3,0),"NOT FOUND")="","NOT FOUND",VLOOKUP(B101,'Vendor Directory'!A:C,3,0)) -> Vendor 2 Name | D101: =SUMIFS(All_Stats!$G:$G, All_Stats!$D:$D,$B101, All_Stats!$B:$B,">="&EOMONTH($A101,-1)+1, All_Stats!$B:$B,"<"&EOMONTH($A101,0)+1, All_Stats!$P:$P,"<>Email Marketing" ) -> 0 | E101: =SUMIFS(All_Stats!$I:$I, All_Stats!$D:$D,$B101, All_Stats!$B:$B,">="&EOMONTH($A101,-1)+1, All_Stats!$B:$B,"<"&EOMONTH($A101,0)+1, All_Stats!$P:$P,"<>Email Marketing" ) -> 0 | F101: =iferror(E101/D101,"N/A") -> N/A | G101: =SUMIFS(All_Stats!$H:$H, All_Stats!$D:$D,$B101, All_Stats!$B:$B,">="&EOMONTH($A101,-1)+1, All_Stats!$B:$B,"<"&EOMONTH($A101,0)+1, All_Stats!$P:$P,"<>Email Marketing" ) -> 0 | H101: =SUMIFS(All_Stats!$K:$K, All_Stats!$D:$D,$B101, All_Stats!$B:$B,">="&EOMONTH($A101,-1)+1, All_Stats!$B:$B,"<"&EOMONTH($A101,0)+1, All_Stats!$P:$P,"<>Email Marketing" ) -> 0 | I101: =IFERROR(__xludf.DUMMYFUNCTION("COUNTUNIQUEIFS(All_Stats!A:A, All_Stats!$D:$D,$B101, All_Stats!$B:$B,"">=""&EOMONTH($A101,-1)+1, All_Stats!$B:$B,""<""&EOMONTH($A101,0)+1, All_Stats!$P:$P,""<>Email Marketing"" )"),0.0) -> 0
A102: 44378 | B102: V5 | C102: =if(ifna(VLOOKUP(B102,'Vendor Directory'!A:C,3,0),"NOT FOUND")="","NOT FOUND",VLOOKUP(B102,'Vendor Directory'!A:C,3,0)) -> #N/A | D102: =SUMIFS(All_Stats!$G:$G, All_Stats!$D:$D,$B102, All_Stats!$B:$B,">="&EOMONTH($A102,-1)+1, All_Stats!$B:$B,"<"&EOMONTH($A102,0)+1, All_Stats!$P:$P,"<>Email Marketing" ) -> 0 | E102: =SUMIFS(All_Stats!$I:$I, All_Stats!$D:$D,$B102, All_Stats!$B:$B,">="&EOMONTH($A102,-1)+1, All_Stats!$B:$B,"<"&EOMONTH($A102,0)+1, All_Stats!$P:$P,"<>Email Marketing" ) -> 0 | F102: =iferror(E102/D102,"N/A") -> N/A | G102: =SUMIFS(All_Stats!$H:$H, All_Stats!$D:$D,$B102, All_Stats!$B:$B,">="&EOMONTH($A102,-1)+1, All_Stats!$B:$B,"<"&EOMONTH($A102,0)+1, All_Stats!$P:$P,"<>Email Marketing" ) -> 0 | H102: =SUMIFS(All_Stats!$K:$K, All_Stats!$D:$D,$B102, All_Stats!$B:$B,">="&EOMONTH($A102,-1)+1, All_Stats!$B:$B,"<"&EOMONTH($A102,0)+1, All_Stats!$P:$P,"<>Email Marketing" ) -> 0 | I102: =IFERROR(__xludf.DUMMYFUNCTION("COUNTUNIQUEIFS(All_Stats!A:A, All_Stats!$D:$D,$B102, All_Stats!$B:$B,"">=""&EOMONTH($A102,-1)+1, All_Stats!$B:$B,""<""&EOMONTH($A102,0)+1, All_Stats!$P:$P,""<>Email Marketing"" )"),0.0) -> 0
A103: 44378 | B103: V6 | C103: =if(ifna(VLOOKUP(B103,'Vendor Directory'!A:C,3,0),"NOT FOUND")="","NOT FOUND",VLOOKUP(B103,'Vendor Directory'!A:C,3,0)) -> #N/A | D103: =SUMIFS(All_Stats!$G:$G, All_Stats!$D:$D,$B103, All_Stats!$B:$B,">="&EOMONTH($A103,-1)+1, All_Stats!$B:$B,"<"&EOMONTH($A103,0)+1, All_Stats!$P:$P,"<>Email Marketing" ) -> 0 | E103: =SUMIFS(All_Stats!$I:$I, All_Stats!$D:$D,$B103, All_Stats!$B:$B,">="&EOMONTH($A103,-1)+1, All_Stats!$B:$B,"<"&EOMONTH($A103,0)+1, All_Stats!$P:$P,"<>Email Marketing" ) -> 0 | F103: =iferror(E103/D103,"N/A") -> N/A | G103: =SUMIFS(All_Stats!$H:$H, All_Stats!$D:$D,$B103, All_Stats!$B:$B,">="&EOMONTH($A103,-1)+1, All_Stats!$B:$B,"<"&EOMONTH($A103,0)+1, All_Stats!$P:$P,"<>Email Marketing" ) -> 0 | H103: =SUMIFS(All_Stats!$K:$K, All_Stats!$D:$D,$B103, All_Stats!$B:$B,">="&EOMONTH($A103,-1)+1, All_Stats!$B:$B,"<"&EOMONTH($A103,0)+1, All_Stats!$P:$P,"<>Email Marketing" ) -> 0 | I103: =IFERROR(__xludf.DUMMYFUNCTION("COUNTUNIQUEIFS(All_Stats!A:A, All_Stats!$D:$D,$B103, All_Stats!$B:$B,"">=""&EOMONTH($A103,-1)+1, All_Stats!$B:$B,""<""&EOMONTH($A103,0)+1, All_Stats!$P:$P,""<>Email Marketing"" )"),0.0) -> 0
A104: 44378 | B104: V15 | C104: =if(ifna(VLOOKUP(B104,'Vendor Directory'!A:C,3,0),"NOT FOUND")="","NOT FOUND",VLOOKUP(B104,'Vendor Directory'!A:C,3,0)) -> #N/A | D104: =SUMIFS(All_Stats!$G:$G, All_Stats!$D:$D,$B104, All_Stats!$B:$B,">="&EOMONTH($A104,-1)+1, All_Stats!$B:$B,"<"&EOMONTH($A104,0)+1, All_Stats!$P:$P,"<>Email Marketing" ) -> 0 | E104: =SUMIFS(All_Stats!$I:$I, All_Stats!$D:$D,$B104, All_Stats!$B:$B,">="&EOMONTH($A104,-1)+1, All_Stats!$B:$B,"<"&EOMONTH($A104,0)+1, All_Stats!$P:$P,"<>Email Marketing" ) -> 0 | F104: =iferror(E104/D104,"N/A") -> N/A | G104: =SUMIFS(All_Stats!$H:$H, All_Stats!$D:$D,$B104, All_Stats!$B:$B,">="&EOMONTH($A104,-1)+1, All_Stats!$B:$B,"<"&EOMONTH($A104,0)+1, All_Stats!$P:$P,"<>Email Marketing" ) -> 0 | H104: =SUMIFS(All_Stats!$K:$K, All_Stats!$D:$D,$B104, All_Stats!$B:$B,">="&EOMONTH($A104,-1)+1, All_Stats!$B:$B,"<"&EOMONTH($A104,0)+1, All_Stats!$P:$P,"<>Email Marketing" ) -> 0 | I104: =IFERROR(__xludf.DUMMYFUNCTION("COUNTUNIQUEIFS(All_Stats!A:A, All_Stats!$D:$D,$B104, All_Stats!$B:$B,"">=""&EOMONTH($A104,-1)+1, All_Stats!$B:$B,""<""&EOMONTH($A104,0)+1, All_Stats!$P:$P,""<>Email Marketing"" )"),0.0) -> 0
A105: 44378 | B105: V17 | C105: =if(ifna(VLOOKUP(B105,'Vendor Directory'!A:C,3,0),"NOT FOUND")="","NOT FOUND",VLOOKUP(B105,'Vendor Directory'!A:C,3,0)) -> #N/A | D105: =SUMIFS(All_Stats!$G:$G, All_Stats!$D:$D,$B105, All_Stats!$B:$B,">="&EOMONTH($A105,-1)+1, All_Stats!$B:$B,"<"&EOMONTH($A105,0)+1, All_Stats!$P:$P,"<>Email Marketing" ) -> 0 | E105: =SUMIFS(All_Stats!$I:$I, All_Stats!$D:$D,$B105, All_Stats!$B:$B,">="&EOMONTH($A105,-1)+1, All_Stats!$B:$B,"<"&EOMONTH($A105,0)+1, All_Stats!$P:$P,"<>Email Marketing" ) -> 0 | F105: =iferror(E105/D105,"N/A") -> N/A | G105: =SUMIFS(All_Stats!$H:$H, All_Stats!$D:$D,$B105, All_Stats!$B:$B,">="&EOMONTH($A105,-1)+1, All_Stats!$B:$B,"<"&EOMONTH($A105,0)+1, All_Stats!$P:$P,"<>Email Marketing" ) -> 0 | H105: =SUMIFS(All_Stats!$K:$K, All_Stats!$D:$D,$B105, All_Stats!$B:$B,">="&EOMONTH($A105,-1)+1, All_Stats!$B:$B,"<"&EOMONTH($A105,0)+1, All_Stats!$P:$P,"<>Email Marketing" ) -> 0 | I105: =IFERROR(__xludf.DUMMYFUNCTION("COUNTUNIQUEIFS(All_Stats!A:A, All_Stats!$D:$D,$B105, All_Stats!$B:$B,"">=""&EOMONTH($A105,-1)+1, All_Stats!$B:$B,""<""&EOMONTH($A105,0)+1, All_Stats!$P:$P,""<>Email Marketing"" )"),0.0) -> 0
A106: 44378 | B106: V19 | C106: =if(ifna(VLOOKUP(B106,'Vendor Directory'!A:C,3,0),"NOT FOUND")="","NOT FOUND",VLOOKUP(B106,'Vendor Directory'!A:C,3,0)) -> #N/A | D106: =SUMIFS(All_Stats!$G:$G, All_Stats!$D:$D,$B106, All_Stats!$B:$B,">="&EOMONTH($A106,-1)+1, All_Stats!$B:$B,"<"&EOMONTH($A106,0)+1, All_Stats!$P:$P,"<>Email Marketing" ) -> 0 | E106: =SUMIFS(All_Stats!$I:$I, All_Stats!$D:$D,$B106, All_Stats!$B:$B,">="&EOMONTH($A106,-1)+1, All_Stats!$B:$B,"<"&EOMONTH($A106,0)+1, All_Stats!$P:$P,"<>Email Marketing" ) -> 0 | F106: =iferror(E106/D106,"N/A") -> N/A | G106: =SUMIFS(All_Stats!$H:$H, All_Stats!$D:$D,$B106, All_Stats!$B:$B,">="&EOMONTH($A106,-1)+1, All_Stats!$B:$B,"<"&EOMONTH($A106,0)+1, All_Stats!$P:$P,"<>Email Marketing" ) -> 0 | H106: =SUMIFS(All_Stats!$K:$K, All_Stats!$D:$D,$B106, All_Stats!$B:$B,">="&EOMONTH($A106,-1)+1, All_Stats!$B:$B,"<"&EOMONTH($A106,0)+1, All_Stats!$P:$P,"<>Email Marketing" ) -> 0 | I106: =IFERROR(__xludf.DUMMYFUNCTION("COUNTUNIQUEIFS(All_Stats!A:A, All_Stats!$D:$D,$B106, All_Stats!$B:$B,"">=""&EOMONTH($A106,-1)+1, All_Stats!$B:$B,""<""&EOMONTH($A106,0)+1, All_Stats!$P:$P,""<>Email Marketing"" )"),0.0) -> 0
...

Sheet Delivery Tracking
A1: CQ | B1: SL - Delivery Chain | C1: Vendor name | D1: DPO ID | E1: CID | F1: Time Passed | G1: % leads accepted | H1: % leads rejected | I1: % leads delivered | J1: Allocation (Goal) | K1: Start date | L1: Total delivered | M1: Total Accepted | N1: LEFT | O1: Deadline | P1: Phone script approval | Q1: Campaign Status | R1: Comments | S1: Pending | T1: Pending QA | U1: =IFERROR(__xludf.DUMMYFUNCTION("ifna(transpose(sort(QUERY(Backend_Days!A1:B50,""Select A LIMIT 13""),1,1)),""No date is selected)"")"),45346.0) -> 45346 | V1: =IFERROR(__xludf.DUMMYFUNCTION("""COMPUTED_VALUE"""),45347.0) -> 45347 | W1: =IFERROR(__xludf.DUMMYFUNCTION("""COMPUTED_VALUE"""),45348.0) -> 45348 | X1: =IFERROR(__xludf.DUMMYFUNCTION("""COMPUTED_VALUE"""),45349.0) -> 45349 | Y1: =IFERROR(__xludf.DUMMYFUNCTION("""COMPUTED_VALUE"""),45350.0) -> 45350 | Z1: =IFERROR(__xludf.DUMMYFUNCTION("""COMPUTED_VALUE"""),45351.0) -> 45351 | AA1: =IFERROR(__xludf.DUMMYFUNCTION("""COMPUTED_VALUE"""),45352.0) -> 45352 | AB1: =IFERROR(__xludf.DUMMYFUNCTION("""COMPUTED_VALUE"""),45353.0) -> 45353 | AC1: =IFERROR(__xludf.DUMMYFUNCTION("""COMPUTED_VALUE"""),45354.0) -> 45354 | AD1: =IFERROR(__xludf.DUMMYFUNCTION("""COMPUTED_VALUE"""),45355.0) -> 45355 | AE1: =IFERROR(__xludf.DUMMYFUNCTION("""COMPUTED_VALUE"""),45356.0) -> 45356 | AF1: =IFERROR(__xludf.DUMMYFUNCTION("""COMPUTED_VALUE"""),45357.0) -> 45357 | AG1: =IFERROR(__xludf.DUMMYFUNCTION("""COMPUTED_VALUE"""),45358.0) -> 45358 | AH1: 45359
A2: INFUSEmedia
A3: APAC team | F3: =iferror( if(K3="","", if(DATEDIF(K3,Today(),"D")/DATEDIF(K3,O3,"D")>1,1, DATEDIF(K3,Today(),"D")/DATEDIF(K3,O3,"D"))),O3) | G3: =iferror(M3/J3,"") | H3: =IF(G3="","",1-G3) | I3: =iferror(L3/J3,"") | J3: =if(OR($E3="",$D3=""),"",sumifs(All_Stats!F:F,All_Stats!D:D,D3,All_Stats!A:A,E3,All_Stats!B:B,"Overall")) | L3: =if(OR($E3="",$D3=""),"",sumifs(All_Stats!G:G,All_Stats!D:D,D3,All_Stats!A:A,E3,All_Stats!B:B,"Overall")) | M3: =if(OR($E3="",$D3=""),"",sumifs(All_Stats!H:H,All_Stats!D:D,D3,All_Stats!A:A,E3,All_Stats!B:B,"Overall")) | N3: =if(D3="","",J3-M3) | U3: =if(OR($E3="",$D3="",COUNTIFS(DailyDelivery!$A:$A,$E3,DailyDelivery!$B:$B,$D3,DailyDelivery!$C:$C,U$1)=0),"",COUNTIFS(DailyDelivery!$A:$A,$E3,DailyDelivery!$B:$B,$D3,DailyDelivery!$C:$C,U$1)) | V3: =if(OR($E3="",$D3="",COUNTIFS(DailyDelivery!$A:$A,$E3,DailyDelivery!$B:$B,$D3,DailyDelivery!$C:$C,V$1)=0),"",COUNTIFS(DailyDelivery!$A:$A,$E3,DailyDelivery!$B:$B,$D3,DailyDelivery!$C:$C,V$1)) | W3: =if(OR($E3="",$D3="",COUNTIFS(DailyDelivery!$A:$A,$E3,DailyDelivery!$B:$B,$D3,DailyDelivery!$C:$C,W$1)=0),"",COUNTIFS(DailyDelivery!$A:$A,$E3,DailyDelivery!$B:$B,$D3,DailyDelivery!$C:$C,W$1)) | X3: =if(OR($E3="",$D3="",COUNTIFS(DailyDelivery!$A:$A,$E3,DailyDelivery!$B:$B,$D3,DailyDelivery!$C:$C,X$1)=0),"",COUNTIFS(DailyDelivery!$A:$A,$E3,DailyDelivery!$B:$B,$D3,DailyDelivery!$C:$C,X$1)) | Y3: =if(OR($E3="",$D3="",COUNTIFS(DailyDelivery!$A:$A,$E3,DailyDelivery!$B:$B,$D3,DailyDelivery!$C:$C,Y$1)=0),"",COUNTIFS(DailyDelivery!$A:$A,$E3,DailyDelivery!$B:$B,$D3,DailyDelivery!$C:$C,Y$1)) | Z3: =if(OR($E3="",$D3="",COUNTIFS(DailyDelivery!$A:$A,$E3,DailyDelivery!$B:$B,$D3,DailyDelivery!$C:$C,Z$1)=0),"",COUNTIFS(DailyDelivery!$A:$A,$E3,DailyDelivery!$B:$B,$D3,DailyDelivery!$C:$C,Z$1)) | AA3: =if(OR($E3="",$D3="",COUNTIFS(DailyDelivery!$A:$A,$E3,DailyDelivery!$B:$B,$D3,DailyDelivery!$C:$C,AA$1)=0),"",COUNTIFS(DailyDelivery!$A:$A,$E3,DailyDelivery!$B:$B,$D3,DailyDelivery!$C:$C,AA$1)) | AB3: =if(OR($E3="",$D3="",COUNTIFS(DailyDelivery!$A:$A,$E3,DailyDelivery!$B:$B,$D3,DailyDelivery!$C:$C,AB$1)=0),"",COUNTIFS(DailyDelivery!$A:$A,$E3,DailyDelivery!$B:$B,$D3,DailyDelivery!$C:$C,AB$1)) | ... AH3: =if(OR($E3="",$D3="",COUNTIFS(DailyDelivery!$A:$A,$E3,DailyDelivery!$B:$B,$D3,DailyDelivery!$C:$C,AH$1)=0),"",COUNTIFS(DailyDelivery!$A:$A,$E3,DailyDelivery!$B:$B,$D3,DailyDelivery!$C:$C,AH$1))
A4: APPOINTMENT SETTING
A5: AG | B5: Campaign 1 | D5: T1 | E5: DC58772 | F5: =iferror( if(K5="","", if(DATEDIF(K5,Today(),"D")/DATEDIF(K5,O5,"D")>1,1, DATEDIF(K5,Today(),"D")/DATEDIF(K5,O5,"D"))),O5) | G5: =iferror(M5/J5,"") -> 0.49788136 | H5: =IF(G5="","",1-G5) -> 0.50211864 | I5: =iferror(L5/J5,"") -> 0.77860169 | J5: =if(OR($E5="",$D5=""),"",sumifs(All_Stats!F:F,All_Stats!D:D,D5,All_Stats!A:A,E5,All_Stats!B:B,"Overall")) -> 944 | K5: 45302 | L5: =if(OR($E5="",$D5=""),"",sumifs(All_Stats!G:G,All_Stats!D:D,D5,All_Stats!A:A,E5,All_Stats!B:B,"Overall")) -> 735 | M5: =if(OR($E5="",$D5=""),"",sumifs(All_Stats!H:H,All_Stats!D:D,D5,All_Stats!A:A,E5,All_Stats!B:B,"Overall")) -> 470 | N5: =if(D5="","",J5-M5) -> 474 | Q5: Live | S5: =SUMIFS(All_Stats!K:K,All_Stats!D:D,D5,All_Stats!A:A,E5,All_Stats!B:B,"Overall") -> 14 | T5: =SUMIFS(All_Stats!L:L,All_Stats!D:D,D5,All_Stats!A:A,E5,All_Stats!B:B,"Overall") -> 64
A6: AG | B6: Campaign 2 | D6: T1 | E6: DA58926 | F6: =iferror( if(K6="","", if(DATEDIF(K6,Today(),"D")/DATEDIF(K6,O6,"D")>1,1, DATEDIF(K6,Today(),"D")/DATEDIF(K6,O6,"D"))),O6) -> 1 | G6: =iferror(M6/J6,"") | H6: =IF(G6="","",1-G6) | I6: =iferror(L6/J6,"") | J6: =if(OR($E6="",$D6=""),"",sumifs(All_Stats!F:F,All_Stats!D:D,D6,All_Stats!A:A,E6,All_Stats!B:B,"Overall")) -> 0 | K6: 45313 | L6: =if(OR($E6="",$D6=""),"",sumifs(All_Stats!G:G,All_Stats!D:D,D6,All_Stats!A:A,E6,All_Stats!B:B,"Overall")) -> 0 | M6: =if(OR($E6="",$D6=""),"",sumifs(All_Stats!H:H,All_Stats!D:D,D6,All_Stats!A:A,E6,All_Stats!B:B,"Overall")) -> 0 | N6: =if(D6="","",J6-M6) -> 0 | O6: 45461 | Q6: Live | S6: =SUMIFS(All_Stats!K:K,All_Stats!D:D,D6,All_Stats!A:A,E6,All_Stats!B:B,"Overall") -> 0 | T6: =SUMIFS(All_Stats!L:L,All_Stats!D:D,D6,All_Stats!A:A,E6,All_Stats!B:B,"Overall") -> 0
A7: AG | B7: Campaign 3 | D7: T1 | E7: DA58369_AG | F7: =iferror( if(K7="","", if(DATEDIF(K7,Today(),"D")/DATEDIF(K7,O7,"D")>1,1, DATEDIF(K7,Today(),"D")/DATEDIF(K7,O7,"D"))),O7) -> 1 | G7: =iferror(M7/J7,"") | H7: =IF(G7="","",1-G7) | I7: =iferror(L7/J7,"") | J7: =if(OR($E7="",$D7=""),"",sumifs(All_Stats!F:F,All_Stats!D:D,D7,All_Stats!A:A,E7,All_Stats!B:B,"Overall")) -> 0 | K7: 45268 | L7: =if(OR($E7="",$D7=""),"",sumifs(All_Stats!G:G,All_Stats!D:D,D7,All_Stats!A:A,E7,All_Stats!B:B,"Overall")) -> 0 | M7: =if(OR($E7="",$D7=""),"",sumifs(All_Stats!H:H,All_Stats!D:D,D7,All_Stats!A:A,E7,All_Stats!B:B,"Overall")) -> 0 | N7: =if(D7="","",J7-M7) -> 0 | O7: 45379 | Q7: Paused | S7: =SUMIFS(All_Stats!K:K,All_Stats!D:D,D7,All_Stats!A:A,E7,All_Stats!B:B,"Overall") -> 0 | T7: =SUMIFS(All_Stats!L:L,All_Stats!D:D,D7,All_Stats!A:A,E7,All_Stats!B:B,"Overall") -> 0 | U7: =if(OR($E7="",$D7="",COUNTIFS(DailyDelivery!$A:$A,$E7,DailyDelivery!$B:$B,$D7,DailyDelivery!$C:$C,U$1)=0),"",COUNTIFS(DailyDelivery!$A:$A,$E7,DailyDelivery!$B:$B,$D7,DailyDelivery!$C:$C,U$1)) | V7: =if(OR($E7="",$D7="",COUNTIFS(DailyDelivery!$A:$A,$E7,DailyDelivery!$B:$B,$D7,DailyDelivery!$C:$C,V$1)=0),"",COUNTIFS(DailyDelivery!$A:$A,$E7,DailyDelivery!$B:$B,$D7,DailyDelivery!$C:$C,V$1)) | W7: =if(OR($E7="",$D7="",COUNTIFS(DailyDelivery!$A:$A,$E7,DailyDelivery!$B:$B,$D7,DailyDelivery!$C:$C,W$1)=0),"",COUNTIFS(DailyDelivery!$A:$A,$E7,DailyDelivery!$B:$B,$D7,DailyDelivery!$C:$C,W$1)) | X7: =if(OR($E7="",$D7="",COUNTIFS(DailyDelivery!$A:$A,$E7,DailyDelivery!$B:$B,$D7,DailyDelivery!$C:$C,X$1)=0),"",COUNTIFS(DailyDelivery!$A:$A,$E7,DailyDelivery!$B:$B,$D7,DailyDelivery!$C:$C,X$1)) | Y7: =if(OR($E7="",$D7="",COUNTIFS(DailyDelivery!$A:$A,$E7,DailyDelivery!$B:$B,$D7,DailyDelivery!$C:$C,Y$1)=0),"",COUNTIFS(DailyDelivery!$A:$A,$E7,DailyDelivery!$B:$B,$D7,DailyDelivery!$C:$C,Y$1)) | Z7: =if(OR($E7="",$D7="",COUNTIFS(DailyDelivery!$A:$A,$E7,DailyDelivery!$B:$B,$D7,DailyDelivery!$C:$C,Z$1)=0),"",COUNTIFS(DailyDelivery!$A:$A,$E7,DailyDelivery!$B:$B,$D7,DailyDelivery!$C:$C,Z$1)) | AA7: =if(OR($E7="",$D7="",COUNTIFS(DailyDelivery!$A:$A,$E7,DailyDelivery!$B:$B,$D7,DailyDelivery!$C:$C,AA$1)=0),"",COUNTIFS(DailyDelivery!$A:$A,$E7,DailyDelivery!$B:$B,$D7,DailyDelivery!$C:$C,AA$1)) | AB7: =if(OR($E7="",$D7="",COUNTIFS(DailyDelivery!$A:$A,$E7,DailyDelivery!$B:$B,$D7,DailyDelivery!$C:$C,AB$1)=0),"",COUNTIFS(DailyDelivery!$A:$A,$E7,DailyDelivery!$B:$B,$D7,DailyDelivery!$C:$C,AB$1)) | ... AH7: =if(OR($E7="",$D7="",COUNTIFS(DailyDelivery!$A:$A,$E7,DailyDelivery!$B:$B,$D7,DailyDelivery!$C:$C,AH$1)=0),"",COUNTIFS(DailyDelivery!$A:$A,$E7,DailyDelivery!$B:$B,$D7,DailyDelivery!$C:$C,AH$1))
A8: AG | B8: Campaign 4 | D8: T1 | E8: DA56971_AG | F8: =iferror( if(K8="","", if(DATEDIF(K8,Today(),"D")/DATEDIF(K8,O8,"D")>1,1, DATEDIF(K8,Today(),"D")/DATEDIF(K8,O8,"D"))),O8) -> 1 | G8: =iferror(M8/J8,"") | H8: =IF(G8="","",1-G8) | I8: =iferror(L8/J8,"") | J8: =if(OR($E8="",$D8=""),"",sumifs(All_Stats!F:F,All_Stats!D:D,D8,All_Stats!A:A,E8,All_Stats!B:B,"Overall")) -> 0 | K8: 45154 | L8: =if(OR($E8="",$D8=""),"",sumifs(All_Stats!G:G,All_Stats!D:D,D8,All_Stats!A:A,E8,All_Stats!B:B,"Overall")) -> 0 | M8: =if(OR($E8="",$D8=""),"",sumifs(All_Stats!H:H,All_Stats!D:D,D8,All_Stats!A:A,E8,All_Stats!B:B,"Overall")) -> 0 | N8: =if(D8="","",J8-M8) -> 0 | O8: 45379 | P8: N/A | Q8: Paused | S8: =SUMIFS(All_Stats!K:K,All_Stats!D:D,D8,All_Stats!A:A,E8,All_Stats!B:B,"Overall") -> 0 | T8: =SUMIFS(All_Stats!L:L,All_Stats!D:D,D8,All_Stats!A:A,E8,All_Stats!B:B,"Overall") -> 0 | U8: =if(OR($E8="",$D8="",COUNTIFS(DailyDelivery!$A:$A,$E8,DailyDelivery!$B:$B,$D8,DailyDelivery!$C:$C,U$1)=0),"",COUNTIFS(DailyDelivery!$A:$A,$E8,DailyDelivery!$B:$B,$D8,DailyDelivery!$C:$C,U$1)) | V8: =if(OR($E8="",$D8="",COUNTIFS(DailyDelivery!$A:$A,$E8,DailyDelivery!$B:$B,$D8,DailyDelivery!$C:$C,V$1)=0),"",COUNTIFS(DailyDelivery!$A:$A,$E8,DailyDelivery!$B:$B,$D8,DailyDelivery!$C:$C,V$1)) | W8: =if(OR($E8="",$D8="",COUNTIFS(DailyDelivery!$A:$A,$E8,DailyDelivery!$B:$B,$D8,DailyDelivery!$C:$C,W$1)=0),"",COUNTIFS(DailyDelivery!$A:$A,$E8,DailyDelivery!$B:$B,$D8,DailyDelivery!$C:$C,W$1)) | X8: =if(OR($E8="",$D8="",COUNTIFS(DailyDelivery!$A:$A,$E8,DailyDelivery!$B:$B,$D8,DailyDelivery!$C:$C,X$1)=0),"",COUNTIFS(DailyDelivery!$A:$A,$E8,DailyDelivery!$B:$B,$D8,DailyDelivery!$C:$C,X$1)) | Y8: =if(OR($E8="",$D8="",COUNTIFS(DailyDelivery!$A:$A,$E8,DailyDelivery!$B:$B,$D8,DailyDelivery!$C:$C,Y$1)=0),"",COUNTIFS(DailyDelivery!$A:$A,$E8,DailyDelivery!$B:$B,$D8,DailyDelivery!$C:$C,Y$1)) | Z8: =if(OR($E8="",$D8="",COUNTIFS(DailyDelivery!$A:$A,$E8,DailyDelivery!$B:$B,$D8,DailyDelivery!$C:$C,Z$1)=0),"",COUNTIFS(DailyDelivery!$A:$A,$E8,DailyDelivery!$B:$B,$D8,DailyDelivery!$C:$C,Z$1)) | AA8: =if(OR($E8="",$D8="",COUNTIFS(DailyDelivery!$A:$A,$E8,DailyDelivery!$B:$B,$D8,DailyDelivery!$C:$C,AA$1)=0),"",COUNTIFS(DailyDelivery!$A:$A,$E8,DailyDelivery!$B:$B,$D8,DailyDelivery!$C:$C,AA$1)) | AB8: =if(OR($E8="",$D8="",COUNTIFS(DailyDelivery!$A:$A,$E8,DailyDelivery!$B:$B,$D8,DailyDelivery!$C:$C,AB$1)=0),"",COUNTIFS(DailyDelivery!$A:$A,$E8,DailyDelivery!$B:$B,$D8,DailyDelivery!$C:$C,AB$1)) | ... AH8: =if(OR($E8="",$D8="",COUNTIFS(DailyDelivery!$A:$A,$E8,DailyDelivery!$B:$B,$D8,DailyDelivery!$C:$C,AH$1)=0),"",COUNTIFS(DailyDelivery!$A:$A,$E8,DailyDelivery!$B:$B,$D8,DailyDelivery!$C:$C,AH$1))
A9: AG | B9: Campaign 5 | D9: T1 | E9: DC59852 | F9: =iferror( if(K9="","", if(DATEDIF(K9,Today(),"D")/DATEDIF(K9,O9,"D")>1,1, DATEDIF(K9,Today(),"D")/DATEDIF(K9,O9,"D"))),O9) | G9: =iferror(M9/J9,"") | H9: =IF(G9="","",1-G9) | I9: =iferror(L9/J9,"") | J9: =if(OR($E9="",$D9=""),"",sumifs(All_Stats!F:F,All_Stats!D:D,D9,All_Stats!A:A,E9,All_Stats!B:B,"Overall")) -> 0 | L9: =if(OR($E9="",$D9=""),"",sumifs(All_Stats!G:G,All_Stats!D:D,D9,All_Stats!A:A,E9,All_Stats!B:B,"Overall")) -> 0 | M9: =if(OR($E9="",$D9=""),"",sumifs(All_Stats!H:H,All_Stats!D:D,D9,All_Stats!A:A,E9,All_Stats!B:B,"Overall")) -> 0 | N9: =if(D9="","",J9-M9) -> 0 | Q9: Pre | S9: =SUMIFS(All_Stats!K:K,All_Stats!D:D,D9,All_Stats!A:A,E9,All_Stats!B:B,"Overall") -> 0 | T9: =SUMIFS(All_Stats!L:L,All_Stats!D:D,D9,All_Stats!A:A,E9,All_Stats!B:B,"Overall") -> 0
A10: AG | B10: Campaign 6 | D10: T1 | E10: DA59765 | F10: =iferror( if(K10="","", if(DATEDIF(K10,Today(),"D")/DATEDIF(K10,O10,"D")>1,1, DATEDIF(K10,Today(),"D")/DATEDIF(K10,O10,"D"))),O10) | G10: =iferror(M10/J10,"") | H10: =IF(G10="","",1-G10) | I10: =iferror(L10/J10,"") | J10: =if(OR($E10="",$D10=""),"",sumifs(All_Stats!F:F,All_Stats!D:D,D10,All_Stats!A:A,E10,All_Stats!B:B,"Overall")) -> 0 | L10: =if(OR($E10="",$D10=""),"",sumifs(All_Stats!G:G,All_Stats!D:D,D10,All_Stats!A:A,E10,All_Stats!B:B,"Overall")) -> 0 | M10: =if(OR($E10="",$D10=""),"",sumifs(All_Stats!H:H,All_Stats!D:D,D10,All_Stats!A:A,E10,All_Stats!B:B,"Overall")) -> 0 | N10: =if(D10="","",J10-M10) -> 0 | Q10: Pre | S10: =SUMIFS(All_Stats!K:K,All_Stats!D:D,D10,All_Stats!A:A,E10,All_Stats!B:B,"Overall") -> 0 | T10: =SUMIFS(All_Stats!L:L,All_Stats!D:D,D10,All_Stats!A:A,E10,All_Stats!B:B,"Overall") -> 0
A11: AG | B11: Campaign 7 | D11: T1 | E11: DU59745 | F11: =iferror( if(K11="","", if(DATEDIF(K11,Today(),"D")/DATEDIF(K11,O11,"D")>1,1, DATEDIF(K11,Today(),"D")/DATEDIF(K11,O11,"D"))),O11) | G11: =iferror(M11/J11,"") | H11: =IF(G11="","",1-G11) | I11: =iferror(L11/J11,"") | J11: =if(OR($E11="",$D11=""),"",sumifs(All_Stats!F:F,All_Stats!D:D,D11,All_Stats!A:A,E11,All_Stats!B:B,"Overall")) -> 0 | L11: =if(OR($E11="",$D11=""),"",sumifs(All_Stats!G:G,All_Stats!D:D,D11,All_Stats!A:A,E11,All_Stats!B:B,"Overall")) -> 0 | M11: =if(OR($E11="",$D11=""),"",sumifs(All_Stats!H:H,All_Stats!D:D,D11,All_Stats!A:A,E11,All_Stats!B:B,"Overall")) -> 0 | N11: =if(D11="","",J11-M11) -> 0 | Q11: Pre | S11: =SUMIFS(All_Stats!K:K,All_Stats!D:D,D11,All_Stats!A:A,E11,All_Stats!B:B,"Overall") -> 0 | T11: =SUMIFS(All_Stats!L:L,All_Stats!D:D,D11,All_Stats!A:A,E11,All_Stats!B:B,"Overall") -> 0
A12: DPO PLATFORM
A13: 4 | B13: Campaign 8 | D13: T1 | E13: DC59555 | F13: =iferror( if(K13="","", if(DATEDIF(K13,Today(),"D")/DATEDIF(K13,O13,"D")>1,1, DATEDIF(K13,Today(),"D")/DATEDIF(K13,O13,"D"))),O13) -> 1 | G13: =iferror(M13/J13,"") | H13: =IF(G13="","",1-G13) | I13: =iferror(L13/J13,"") | J13: =if(OR($E13="",$D13=""),"",sumifs(All_Stats!F:F,All_Stats!D:D,D13,All_Stats!A:A,E13,All_Stats!B:B,"Overall")) -> 0 | K13: 45341 | L13: =if(OR($E13="",$D13=""),"",sumifs(All_Stats!G:G,All_Stats!D:D,D13,All_Stats!A:A,E13,All_Stats!B:B,"Overall")) -> 0 | M13: =if(OR($E13="",$D13=""),"",sumifs(All_Stats!H:H,All_Stats!D:D,D13,All_Stats!A:A,E13,All_Stats!B:B,"Overall")) -> 0 | N13: =if(D13="","",J13-M13) -> 0 | O13: 45362 | Q13: Live | S13: =SUMIFS(All_Stats!K:K,All_Stats!D:D,D13,All_Stats!A:A,E13,All_Stats!B:B,"Overall") -> 0 | T13: =SUMIFS(All_Stats!L:L,All_Stats!D:D,D13,All_Stats!A:A,E13,All_Stats!B:B,"Overall") -> 0
A14: 1 | B14: Campaign 8 | D14: T1 | E14: DC59572 | F14: =iferror( if(K14="","", if(DATEDIF(K14,Today(),"D")/DATEDIF(K14,O14,"D")>1,1, DATEDIF(K14,Today(),"D")/DATEDIF(K14,O14,"D"))),O14) -> 1 | G14: =iferror(M14/J14,"") | H14: =IF(G14="","",1-G14) | I14: =iferror(L14/J14,"") | J14: =if(OR($E14="",$D14=""),"",sumifs(All_Stats!F:F,All_Stats!D:D,D14,All_Stats!A:A,E14,All_Stats!B:B,"Overall")) -> 0 | K14: 45345 | L14: =if(OR($E14="",$D14=""),"",sumifs(All_Stats!G:G,All_Stats!D:D,D14,All_Stats!A:A,E14,All_Stats!B:B,"Overall")) -> 0 | M14: =if(OR($E14="",$D14=""),"",sumifs(All_Stats!H:H,All_Stats!D:D,D14,All_Stats!A:A,E14,All_Stats!B:B,"Overall")) -> 0 | N14: =if(D14="","",J14-M14) -> 0 | O14: 45362 | Q14: Live | S14: =SUMIFS(All_Stats!K:K,All_Stats!D:D,D14,All_Stats!A:A,E14,All_Stats!B:B,"Overall") -> 0 | T14: =SUMIFS(All_Stats!L:L,All_Stats!D:D,D14,All_Stats!A:A,E14,All_Stats!B:B,"Overall") -> 0
A15: 2 | B15: Campaign 8 | D15: T1 | E15: XU59410 | F15: =iferror( if(K15="","", if(DATEDIF(K15,Today(),"D")/DATEDIF(K15,O15,"D")>1,1, DATEDIF(K15,Today(),"D")/DATEDIF(K15,O15,"D"))),O15) -> 1 | G15: =iferror(M15/J15,"") | H15: =IF(G15="","",1-G15) | I15: =iferror(L15/J15,"") | J15: =if(OR($E15="",$D15=""),"",sumifs(All_Stats!F:F,All_Stats!D:D,D15,All_Stats!A:A,E15,All_Stats!B:B,"Overall")) -> 0 | K15: 45331 | L15: =if(OR($E15="",$D15=""),"",sumifs(All_Stats!G:G,All_Stats!D:D,D15,All_Stats!A:A,E15,All_Stats!B:B,"Overall")) -> 0 | M15: =if(OR($E15="",$D15=""),"",sumifs(All_Stats!H:H,All_Stats!D:D,D15,All_Stats!A:A,E15,All_Stats!B:B,"Overall")) -> 0 | N15: =if(D15="","",J15-M15) -> 0 | O15: 45363 | Q15: Paused | S15: =SUMIFS(All_Stats!K:K,All_Stats!D:D,D15,All_Stats!A:A,E15,All_Stats!B:B,"Overall") -> 0 | T15: =SUMIFS(All_Stats!L:L,All_Stats!D:D,D15,All_Stats!A:A,E15,All_Stats!B:B,"Overall") -> 0 | U15: =if(OR($E15="",$D15="",COUNTIFS(DailyDelivery!$A:$A,$E15,DailyDelivery!$B:$B,$D15,DailyDelivery!$C:$C,U$1)=0),"",COUNTIFS(DailyDelivery!$A:$A,$E15,DailyDelivery!$B:$B,$D15,DailyDelivery!$C:$C,U$1)) | V15: =if(OR($E15="",$D15="",COUNTIFS(DailyDelivery!$A:$A,$E15,DailyDelivery!$B:$B,$D15,DailyDelivery!$C:$C,V$1)=0),"",COUNTIFS(DailyDelivery!$A:$A,$E15,DailyDelivery!$B:$B,$D15,DailyDelivery!$C:$C,V$1)) | W15: =if(OR($E15="",$D15="",COUNTIFS(DailyDelivery!$A:$A,$E15,DailyDelivery!$B:$B,$D15,DailyDelivery!$C:$C,W$1)=0),"",COUNTIFS(DailyDelivery!$A:$A,$E15,DailyDelivery!$B:$B,$D15,DailyDelivery!$C:$C,W$1)) | X15: =if(OR($E15="",$D15="",COUNTIFS(DailyDelivery!$A:$A,$E15,DailyDelivery!$B:$B,$D15,DailyDelivery!$C:$C,X$1)=0),"",COUNTIFS(DailyDelivery!$A:$A,$E15,DailyDelivery!$B:$B,$D15,DailyDelivery!$C:$C,X$1)) | Y15: =if(OR($E15="",$D15="",COUNTIFS(DailyDelivery!$A:$A,$E15,DailyDelivery!$B:$B,$D15,DailyDelivery!$C:$C,Y$1)=0),"",COUNTIFS(DailyDelivery!$A:$A,$E15,DailyDelivery!$B:$B,$D15,DailyDelivery!$C:$C,Y$1)) | Z15: =if(OR($E15="",$D15="",COUNTIFS(DailyDelivery!$A:$A,$E15,DailyDelivery!$B:$B,$D15,DailyDelivery!$C:$C,Z$1)=0),"",COUNTIFS(DailyDelivery!$A:$A,$E15,DailyDelivery!$B:$B,$D15,DailyDelivery!$C:$C,Z$1)) | AA15: =if(OR($E15="",$D15="",COUNTIFS(DailyDelivery!$A:$A,$E15,DailyDelivery!$B:$B,$D15,DailyDelivery!$C:$C,AA$1)=0),"",COUNTIFS(DailyDelivery!$A:$A,$E15,DailyDelivery!$B:$B,$D15,DailyDelivery!$C:$C,AA$1)) | AB15: =if(OR($E15="",$D15="",COUNTIFS(DailyDelivery!$A:$A,$E15,DailyDelivery!$B:$B,$D15,DailyDelivery!$C:$C,AB$1)=0),"",COUNTIFS(DailyDelivery!$A:$A,$E15,DailyDelivery!$B:$B,$D15,DailyDelivery!$C:$C,AB$1)) | ... AH15: =if(OR($E15="",$D15="",COUNTIFS(DailyDelivery!$A:$A,$E15,DailyDelivery!$B:$B,$D15,DailyDelivery!$C:$C,AH$1)=0),"",COUNTIFS(DailyDelivery!$A:$A,$E15,DailyDelivery!$B:$B,$D15,DailyDelivery!$C:$C,AH$1))
A16: 2 | B16: Campaign 9 | D16: T1 | E16: XU59178 | F16: =iferror( if(K16="","", if(DATEDIF(K16,Today(),"D")/DATEDIF(K16,O16,"D")>1,1, DATEDIF(K16,Today(),"D")/DATEDIF(K16,O16,"D"))),O16) -> 1 | G16: =iferror(M16/J16,"") | H16: =IF(G16="","",1-G16) | I16: =iferror(L16/J16,"") | J16: =if(OR($E16="",$D16=""),"",sumifs(All_Stats!F:F,All_Stats!D:D,D16,All_Stats!A:A,E16,All_Stats!B:B,"Overall")) -> 0 | K16: 45322 | L16: =if(OR($E16="",$D16=""),"",sumifs(All_Stats!G:G,All_Stats!D:D,D16,All_Stats!A:A,E16,All_Stats!B:B,"Overall")) -> 0 | M16: =if(OR($E16="",$D16=""),"",sumifs(All_Stats!H:H,All_Stats!D:D,D16,All_Stats!A:A,E16,All_Stats!B:B,"Overall")) -> 0 | N16: =if(D16="","",J16-M16) -> 0 | O16: 45363 | Q16: Live | S16: =SUMIFS(All_Stats!K:K,All_Stats!D:D,D16,All_Stats!A:A,E16,All_Stats!B:B,"Overall") -> 0 | T16: =SUMIFS(All_Stats!L:L,All_Stats!D:D,D16,All_Stats!A:A,E16,All_Stats!B:B,"Overall") -> 0
A17: 1 | B17: Campaign 10 | D17: T1 | E17: DA59236 | F17: =iferror( if(K17="","", if(DATEDIF(K17,Today(),"D")/DATEDIF(K17,O17,"D")>1,1, DATEDIF(K17,Today(),"D")/DATEDIF(K17,O17,"D"))),O17) -> 1 | G17: =iferror(M17/J17,"") | H17: =IF(G17="","",1-G17) | I17: =iferror(L17/J17,"") | J17: =if(OR($E17="",$D17=""),"",sumifs(All_Stats!F:F,All_Stats!D:D,D17,All_Stats!A:A,E17,All_Stats!B:B,"Overall")) -> 0 | K17: 45335 | L17: =if(OR($E17="",$D17=""),"",sumifs(All_Stats!G:G,All_Stats!D:D,D17,All_Stats!A:A,E17,All_Stats!B:B,"Overall")) -> 0 | M17: =if(OR($E17="",$D17=""),"",sumifs(All_Stats!H:H,All_Stats!D:D,D17,All_Stats!A:A,E17,All_Stats!B:B,"Overall")) -> 0 | N17: =if(D17="","",J17-M17) -> 0 | O17: 45364 | Q17: Paused | S17: =SUMIFS(All_Stats!K:K,All_Stats!D:D,D17,All_Stats!A:A,E17,All_Stats!B:B,"Overall") -> 0 | T17: =SUMIFS(All_Stats!L:L,All_Stats!D:D,D17,All_Stats!A:A,E17,All_Stats!B:B,"Overall") -> 0
A18: 1 | B18: Campaign 10 | D18: T1 | E18: DC59347 | F18: =iferror( if(K18="","", if(DATEDIF(K18,Today(),"D")/DATEDIF(K18,O18,"D")>1,1, DATEDIF(K18,Today(),"D")/DATEDIF(K18,O18,"D"))),O18) -> 1 | G18: =iferror(M18/J18,"") | H18: =IF(G18="","",1-G18) | I18: =iferror(L18/J18,"") | J18: =if(OR($E18="",$D18=""),"",sumifs(All_Stats!F:F,All_Stats!D:D,D18,All_Stats!A:A,E18,All_Stats!B:B,"Overall")) -> 0 | K18: 45340 | L18: =if(OR($E18="",$D18=""),"",sumifs(All_Stats!G:G,All_Stats!D:D,D18,All_Stats!A:A,E18,All_Stats!B:B,"Overall")) -> 0 | M18: =if(OR($E18="",$D18=""),"",sumifs(All_Stats!H:H,All_Stats!D:D,D18,All_Stats!A:A,E18,All_Stats!B:B,"Overall")) -> 0 | N18: =if(D18="","",J18-M18) -> 0 | O18: 45364 | Q18: Live | S18: =SUMIFS(All_Stats!K:K,All_Stats!D:D,D18,All_Stats!A:A,E18,All_Stats!B:B,"Overall") -> 0 | T18: =SUMIFS(All_Stats!L:L,All_Stats!D:D,D18,All_Stats!A:A,E18,All_Stats!B:B,"Overall") -> 0
A19: 2 | B19: Campaign 10 | D19: T1 | E19: DA59590 | F19: =iferror( if(K19="","", if(DATEDIF(K19,Today(),"D")/DATEDIF(K19,O19,"D")>1,1, DATEDIF(K19,Today(),"D")/DATEDIF(K19,O19,"D"))),O19) -> 1 | G19: =iferror(M19/J19,"") | H19: =IF(G19="","",1-G19) | I19: =iferror(L19/J19,"") | J19: =if(OR($E19="",$D19=""),"",sumifs(All_Stats!F:F,All_Stats!D:D,D19,All_Stats!A:A,E19,All_Stats!B:B,"Overall")) -> 0 | K19: 45352 | L19: =if(OR($E19="",$D19=""),"",sumifs(All_Stats!G:G,All_Stats!D:D,D19,All_Stats!A:A,E19,All_Stats!B:B,"Overall")) -> 0 | M19: =if(OR($E19="",$D19=""),"",sumifs(All_Stats!H:H,All_Stats!D:D,D19,All_Stats!A:A,E19,All_Stats!B:B,"Overall")) -> 0 | N19: =if(D19="","",J19-M19) -> 0 | O19: 45378 | Q19: Closed | S19: =SUMIFS(All_Stats!K:K,All_Stats!D:D,D19,All_Stats!A:A,E19,All_Stats!B:B,"Overall") -> 0 | T19: =SUMIFS(All_Stats!L:L,All_Stats!D:D,D19,All_Stats!A:A,E19,All_Stats!B:B,"Overall") -> 0 | U19: =if(OR($E19="",$D19="",COUNTIFS(DailyDelivery!$A:$A,$E19,DailyDelivery!$B:$B,$D19,DailyDelivery!$C:$C,U$1)=0),"",COUNTIFS(DailyDelivery!$A:$A,$E19,DailyDelivery!$B:$B,$D19,DailyDelivery!$C:$C,U$1)) | V19: =if(OR($E19="",$D19="",COUNTIFS(DailyDelivery!$A:$A,$E19,DailyDelivery!$B:$B,$D19,DailyDelivery!$C:$C,V$1)=0),"",COUNTIFS(DailyDelivery!$A:$A,$E19,DailyDelivery!$B:$B,$D19,DailyDelivery!$C:$C,V$1)) | W19: =if(OR($E19="",$D19="",COUNTIFS(DailyDelivery!$A:$A,$E19,DailyDelivery!$B:$B,$D19,DailyDelivery!$C:$C,W$1)=0),"",COUNTIFS(DailyDelivery!$A:$A,$E19,DailyDelivery!$B:$B,$D19,DailyDelivery!$C:$C,W$1)) | X19: =if(OR($E19="",$D19="",COUNTIFS(DailyDelivery!$A:$A,$E19,DailyDelivery!$B:$B,$D19,DailyDelivery!$C:$C,X$1)=0),"",COUNTIFS(DailyDelivery!$A:$A,$E19,DailyDelivery!$B:$B,$D19,DailyDelivery!$C:$C,X$1)) | Y19: =if(OR($E19="",$D19="",COUNTIFS(DailyDelivery!$A:$A,$E19,DailyDelivery!$B:$B,$D19,DailyDelivery!$C:$C,Y$1)=0),"",COUNTIFS(DailyDelivery!$A:$A,$E19,DailyDelivery!$B:$B,$D19,DailyDelivery!$C:$C,Y$1)) | Z19: =if(OR($E19="",$D19="",COUNTIFS(DailyDelivery!$A:$A,$E19,DailyDelivery!$B:$B,$D19,DailyDelivery!$C:$C,Z$1)=0),"",COUNTIFS(DailyDelivery!$A:$A,$E19,DailyDelivery!$B:$B,$D19,DailyDelivery!$C:$C,Z$1)) | AA19: =if(OR($E19="",$D19="",COUNTIFS(DailyDelivery!$A:$A,$E19,DailyDelivery!$B:$B,$D19,DailyDelivery!$C:$C,AA$1)=0),"",COUNTIFS(DailyDelivery!$A:$A,$E19,DailyDelivery!$B:$B,$D19,DailyDelivery!$C:$C,AA$1)) | AB19: =if(OR($E19="",$D19="",COUNTIFS(DailyDelivery!$A:$A,$E19,DailyDelivery!$B:$B,$D19,DailyDelivery!$C:$C,AB$1)=0),"",COUNTIFS(DailyDelivery!$A:$A,$E19,DailyDelivery!$B:$B,$D19,DailyDelivery!$C:$C,AB$1)) | ... AH19: =if(OR($E19="",$D19="",COUNTIFS(DailyDelivery!$A:$A,$E19,DailyDelivery!$B:$B,$D19,DailyDelivery!$C:$C,AH$1)=0),"",COUNTIFS(DailyDelivery!$A:$A,$E19,DailyDelivery!$B:$B,$D19,DailyDelivery!$C:$C,AH$1))
A20: 3 | B20: Campaign 10 | D20: T1 | E20: XU59646 | F20: =iferror( if(K20="","", if(DATEDIF(K20,Today(),"D")/DATEDIF(K20,O20,"D")>1,1, DATEDIF(K20,Today(),"D")/DATEDIF(K20,O20,"D"))),O20) -> 1 | G20: =iferror(M20/J20,"") | H20: =IF(G20="","",1-G20) | I20: =iferror(L20/J20,"") | J20: =if(OR($E20="",$D20=""),"",sumifs(All_Stats!F:F,All_Stats!D:D,D20,All_Stats!A:A,E20,All_Stats!B:B,"Overall")) -> 0 | K20: 45338 | L20: =if(OR($E20="",$D20=""),"",sumifs(All_Stats!G:G,All_Stats!D:D,D20,All_Stats!A:A,E20,All_Stats!B:B,"Overall")) -> 0 | M20: =if(OR($E20="",$D20=""),"",sumifs(All_Stats!H:H,All_Stats!D:D,D20,All_Stats!A:A,E20,All_Stats!B:B,"Overall")) -> 0 | N20: =if(D20="","",J20-M20) -> 0 | O20: 45379 | Q20: Closed | S20: =SUMIFS(All_Stats!K:K,All_Stats!D:D,D20,All_Stats!A:A,E20,All_Stats!B:B,"Overall") -> 0 | T20: =SUMIFS(All_Stats!L:L,All_Stats!D:D,D20,All_Stats!A:A,E20,All_Stats!B:B,"Overall") -> 0 | U20: =if(OR($E20="",$D20="",COUNTIFS(DailyDelivery!$A:$A,$E20,DailyDelivery!$B:$B,$D20,DailyDelivery!$C:$C,U$1)=0),"",COUNTIFS(DailyDelivery!$A:$A,$E20,DailyDelivery!$B:$B,$D20,DailyDelivery!$C:$C,U$1)) | V20: =if(OR($E20="",$D20="",COUNTIFS(DailyDelivery!$A:$A,$E20,DailyDelivery!$B:$B,$D20,DailyDelivery!$C:$C,V$1)=0),"",COUNTIFS(DailyDelivery!$A:$A,$E20,DailyDelivery!$B:$B,$D20,DailyDelivery!$C:$C,V$1)) | W20: =if(OR($E20="",$D20="",COUNTIFS(DailyDelivery!$A:$A,$E20,DailyDelivery!$B:$B,$D20,DailyDelivery!$C:$C,W$1)=0),"",COUNTIFS(DailyDelivery!$A:$A,$E20,DailyDelivery!$B:$B,$D20,DailyDelivery!$C:$C,W$1)) | X20: =if(OR($E20="",$D20="",COUNTIFS(DailyDelivery!$A:$A,$E20,DailyDelivery!$B:$B,$D20,DailyDelivery!$C:$C,X$1)=0),"",COUNTIFS(DailyDelivery!$A:$A,$E20,DailyDelivery!$B:$B,$D20,DailyDelivery!$C:$C,X$1)) | Y20: =if(OR($E20="",$D20="",COUNTIFS(DailyDelivery!$A:$A,$E20,DailyDelivery!$B:$B,$D20,DailyDelivery!$C:$C,Y$1)=0),"",COUNTIFS(DailyDelivery!$A:$A,$E20,DailyDelivery!$B:$B,$D20,DailyDelivery!$C:$C,Y$1)) | Z20: =if(OR($E20="",$D20="",COUNTIFS(DailyDelivery!$A:$A,$E20,DailyDelivery!$B:$B,$D20,DailyDelivery!$C:$C,Z$1)=0),"",COUNTIFS(DailyDelivery!$A:$A,$E20,DailyDelivery!$B:$B,$D20,DailyDelivery!$C:$C,Z$1)) | AA20: =if(OR($E20="",$D20="",COUNTIFS(DailyDelivery!$A:$A,$E20,DailyDelivery!$B:$B,$D20,DailyDelivery!$C:$C,AA$1)=0),"",COUNTIFS(DailyDelivery!$A:$A,$E20,DailyDelivery!$B:$B,$D20,DailyDelivery!$C:$C,AA$1)) | AB20: =if(OR($E20="",$D20="",COUNTIFS(DailyDelivery!$A:$A,$E20,DailyDelivery!$B:$B,$D20,DailyDelivery!$C:$C,AB$1)=0),"",COUNTIFS(DailyDelivery!$A:$A,$E20,DailyDelivery!$B:$B,$D20,DailyDelivery!$C:$C,AB$1)) | ... AH20: =if(OR($E20="",$D20="",COUNTIFS(DailyDelivery!$A:$A,$E20,DailyDelivery!$B:$B,$D20,DailyDelivery!$C:$C,AH$1)=0),"",COUNTIFS(DailyDelivery!$A:$A,$E20,DailyDelivery!$B:$B,$D20,DailyDelivery!$C:$C,AH$1))
F21: =iferror( if(K21="","", if(DATEDIF(K21,Today(),"D")/DATEDIF(K21,O21,"D")>1,1, DATEDIF(K21,Today(),"D")/DATEDIF(K21,O21,"D"))),O21) | G21: =iferror(M21/J21,"") | H21: =IF(G21="","",1-G21) | I21: =iferror(L21/J21,"") | J21: =if(OR($E21="",$D21=""),"",sumifs(All_Stats!F:F,All_Stats!D:D,D21,All_Stats!A:A,E21,All_Stats!B:B,"Overall")) | L21: =if(OR($E21="",$D21=""),"",sumifs(All_Stats!G:G,All_Stats!D:D,D21,All_Stats!A:A,E21,All_Stats!B:B,"Overall")) | M21: =if(OR($E21="",$D21=""),"",sumifs(All_Stats!H:H,All_Stats!D:D,D21,All_Stats!A:A,E21,All_Stats!B:B,"Overall")) | N21: =if(D21="","",J21-M21) | S21: =SUMIFS(All_Stats!K:K,All_Stats!D:D,D21,All_Stats!A:A,E21,All_Stats!B:B,"Overall") -> 0 | T21: =SUMIFS(All_Stats!L:L,All_Stats!D:D,D21,All_Stats!A:A,E21,All_Stats!B:B,"Overall") -> 0 | U21: =if(OR($E21="",$D21="",COUNTIFS(DailyDelivery!$A:$A,$E21,DailyDelivery!$B:$B,$D21,DailyDelivery!$C:$C,U$1)=0),"",COUNTIFS(DailyDelivery!$A:$A,$E21,DailyDelivery!$B:$B,$D21,DailyDelivery!$C:$C,U$1)) | V21: =if(OR($E21="",$D21="",COUNTIFS(DailyDelivery!$A:$A,$E21,DailyDelivery!$B:$B,$D21,DailyDelivery!$C:$C,V$1)=0),"",COUNTIFS(DailyDelivery!$A:$A,$E21,DailyDelivery!$B:$B,$D21,DailyDelivery!$C:$C,V$1)) | W21: =if(OR($E21="",$D21="",COUNTIFS(DailyDelivery!$A:$A,$E21,DailyDelivery!$B:$B,$D21,DailyDelivery!$C:$C,W$1)=0),"",COUNTIFS(DailyDelivery!$A:$A,$E21,DailyDelivery!$B:$B,$D21,DailyDelivery!$C:$C,W$1)) | X21: =if(OR($E21="",$D21="",COUNTIFS(DailyDelivery!$A:$A,$E21,DailyDelivery!$B:$B,$D21,DailyDelivery!$C:$C,X$1)=0),"",COUNTIFS(DailyDelivery!$A:$A,$E21,DailyDelivery!$B:$B,$D21,DailyDelivery!$C:$C,X$1)) | Y21: =if(OR($E21="",$D21="",COUNTIFS(DailyDelivery!$A:$A,$E21,DailyDelivery!$B:$B,$D21,DailyDelivery!$C:$C,Y$1)=0),"",COUNTIFS(DailyDelivery!$A:$A,$E21,DailyDelivery!$B:$B,$D21,DailyDelivery!$C:$C,Y$1)) | Z21: =if(OR($E21="",$D21="",COUNTIFS(DailyDelivery!$A:$A,$E21,DailyDelivery!$B:$B,$D21,DailyDelivery!$C:$C,Z$1)=0),"",COUNTIFS(DailyDelivery!$A:$A,$E21,DailyDelivery!$B:$B,$D21,DailyDelivery!$C:$C,Z$1)) | AA21: =if(OR($E21="",$D21="",COUNTIFS(DailyDelivery!$A:$A,$E21,DailyDelivery!$B:$B,$D21,DailyDelivery!$C:$C,AA$1)=0),"",COUNTIFS(DailyDelivery!$A:$A,$E21,DailyDelivery!$B:$B,$D21,DailyDelivery!$C:$C,AA$1)) | AB21: =if(OR($E21="",$D21="",COUNTIFS(DailyDelivery!$A:$A,$E21,DailyDelivery!$B:$B,$D21,DailyDelivery!$C:$C,AB$1)=0),"",COUNTIFS(DailyDelivery!$A:$A,$E21,DailyDelivery!$B:$B,$D21,DailyDelivery!$C:$C,AB$1)) | ... AH21: =if(OR($E21="",$D21="",COUNTIFS(DailyDelivery!$A:$A,$E21,DailyDelivery!$B:$B,$D21,DailyDelivery!$C:$C,AH$1)=0),"",COUNTIFS(DailyDelivery!$A:$A,$E21,DailyDelivery!$B:$B,$D21,DailyDelivery!$C:$C,AH$1))
F22: =iferror( if(K22="","", if(DATEDIF(K22,Today(),"D")/DATEDIF(K22,O22,"D")>1,1, DATEDIF(K22,Today(),"D")/DATEDIF(K22,O22,"D"))),O22) | G22: =iferror(M22/J22,"") | H22: =IF(G22="","",1-G22) | I22: =iferror(L22/J22,"") | J22: =if(OR($E22="",$D22=""),"",sumifs(All_Stats!F:F,All_Stats!D:D,D22,All_Stats!A:A,E22,All_Stats!B:B,"Overall")) | L22: =if(OR($E22="",$D22=""),"",sumifs(All_Stats!G:G,All_Stats!D:D,D22,All_Stats!A:A,E22,All_Stats!B:B,"Overall")) | M22: =if(OR($E22="",$D22=""),"",sumifs(All_Stats!H:H,All_Stats!D:D,D22,All_Stats!A:A,E22,All_Stats!B:B,"Overall")) | N22: =if(D22="","",J22-M22) | S22: =SUMIFS(All_Stats!K:K,All_Stats!D:D,D22,All_Stats!A:A,E22,All_Stats!B:B,"Overall") -> 0 | T22: =SUMIFS(All_Stats!L:L,All_Stats!D:D,D22,All_Stats!A:A,E22,All_Stats!B:B,"Overall") -> 0 | U22: =if(OR($E22="",$D22="",COUNTIFS(DailyDelivery!$A:$A,$E22,DailyDelivery!$B:$B,$D22,DailyDelivery!$C:$C,U$1)=0),"",COUNTIFS(DailyDelivery!$A:$A,$E22,DailyDelivery!$B:$B,$D22,DailyDelivery!$C:$C,U$1)) | V22: =if(OR($E22="",$D22="",COUNTIFS(DailyDelivery!$A:$A,$E22,DailyDelivery!$B:$B,$D22,DailyDelivery!$C:$C,V$1)=0),"",COUNTIFS(DailyDelivery!$A:$A,$E22,DailyDelivery!$B:$B,$D22,DailyDelivery!$C:$C,V$1)) | W22: =if(OR($E22="",$D22="",COUNTIFS(DailyDelivery!$A:$A,$E22,DailyDelivery!$B:$B,$D22,DailyDelivery!$C:$C,W$1)=0),"",COUNTIFS(DailyDelivery!$A:$A,$E22,DailyDelivery!$B:$B,$D22,DailyDelivery!$C:$C,W$1)) | X22: =if(OR($E22="",$D22="",COUNTIFS(DailyDelivery!$A:$A,$E22,DailyDelivery!$B:$B,$D22,DailyDelivery!$C:$C,X$1)=0),"",COUNTIFS(DailyDelivery!$A:$A,$E22,DailyDelivery!$B:$B,$D22,DailyDelivery!$C:$C,X$1)) | Y22: =if(OR($E22="",$D22="",COUNTIFS(DailyDelivery!$A:$A,$E22,DailyDelivery!$B:$B,$D22,DailyDelivery!$C:$C,Y$1)=0),"",COUNTIFS(DailyDelivery!$A:$A,$E22,DailyDelivery!$B:$B,$D22,DailyDelivery!$C:$C,Y$1)) | Z22: =if(OR($E22="",$D22="",COUNTIFS(DailyDelivery!$A:$A,$E22,DailyDelivery!$B:$B,$D22,DailyDelivery!$C:$C,Z$1)=0),"",COUNTIFS(DailyDelivery!$A:$A,$E22,DailyDelivery!$B:$B,$D22,DailyDelivery!$C:$C,Z$1)) | AA22: =if(OR($E22="",$D22="",COUNTIFS(DailyDelivery!$A:$A,$E22,DailyDelivery!$B:$B,$D22,DailyDelivery!$C:$C,AA$1)=0),"",COUNTIFS(DailyDelivery!$A:$A,$E22,DailyDelivery!$B:$B,$D22,DailyDelivery!$C:$C,AA$1)) | AB22: =if(OR($E22="",$D22="",COUNTIFS(DailyDelivery!$A:$A,$E22,DailyDelivery!$B:$B,$D22,DailyDelivery!$C:$C,AB$1)=0),"",COUNTIFS(DailyDelivery!$A:$A,$E22,DailyDelivery!$B:$B,$D22,DailyDelivery!$C:$C,AB$1)) | ... AH22: =if(OR($E22="",$D22="",COUNTIFS(DailyDelivery!$A:$A,$E22,DailyDelivery!$B:$B,$D22,DailyDelivery!$C:$C,AH$1)=0),"",COUNTIFS(DailyDelivery!$A:$A,$E22,DailyDelivery!$B:$B,$D22,DailyDelivery!$C:$C,AH$1))
F23: =iferror( if(K23="","", if(DATEDIF(K23,Today(),"D")/DATEDIF(K23,O23,"D")>1,1, DATEDIF(K23,Today(),"D")/DATEDIF(K23,O23,"D"))),O23) | G23: =iferror(M23/J23,"") | H23: =IF(G23="","",1-G23) | I23: =iferror(L23/J23,"") | J23: =if(OR($E23="",$D23=""),"",sumifs(All_Stats!F:F,All_Stats!D:D,D23,All_Stats!A:A,E23,All_Stats!B:B,"Overall")) | L23: =if(OR($E23="",$D23=""),"",sumifs(All_Stats!G:G,All_Stats!D:D,D23,All_Stats!A:A,E23,All_Stats!B:B,"Overall")) | M23: =if(OR($E23="",$D23=""),"",sumifs(All_Stats!H:H,All_Stats!D:D,D23,All_Stats!A:A,E23,All_Stats!B:B,"Overall")) | N23: =if(D23="","",J23-M23) | S23: =SUMIFS(All_Stats!K:K,All_Stats!D:D,D23,All_Stats!A:A,E23,All_Stats!B:B,"Overall") -> 0 | T23: =SUMIFS(All_Stats!L:L,All_Stats!D:D,D23,All_Stats!A:A,E23,All_Stats!B:B,"Overall") -> 0 | U23: =if(OR($E23="",$D23="",COUNTIFS(DailyDelivery!$A:$A,$E23,DailyDelivery!$B:$B,$D23,DailyDelivery!$C:$C,U$1)=0),"",COUNTIFS(DailyDelivery!$A:$A,$E23,DailyDelivery!$B:$B,$D23,DailyDelivery!$C:$C,U$1)) | V23: =if(OR($E23="",$D23="",COUNTIFS(DailyDelivery!$A:$A,$E23,DailyDelivery!$B:$B,$D23,DailyDelivery!$C:$C,V$1)=0),"",COUNTIFS(DailyDelivery!$A:$A,$E23,DailyDelivery!$B:$B,$D23,DailyDelivery!$C:$C,V$1)) | W23: =if(OR($E23="",$D23="",COUNTIFS(DailyDelivery!$A:$A,$E23,DailyDelivery!$B:$B,$D23,DailyDelivery!$C:$C,W$1)=0),"",COUNTIFS(DailyDelivery!$A:$A,$E23,DailyDelivery!$B:$B,$D23,DailyDelivery!$C:$C,W$1)) | X23: =if(OR($E23="",$D23="",COUNTIFS(DailyDelivery!$A:$A,$E23,DailyDelivery!$B:$B,$D23,DailyDelivery!$C:$C,X$1)=0),"",COUNTIFS(DailyDelivery!$A:$A,$E23,DailyDelivery!$B:$B,$D23,DailyDelivery!$C:$C,X$1)) | Y23: =if(OR($E23="",$D23="",COUNTIFS(DailyDelivery!$A:$A,$E23,DailyDelivery!$B:$B,$D23,DailyDelivery!$C:$C,Y$1)=0),"",COUNTIFS(DailyDelivery!$A:$A,$E23,DailyDelivery!$B:$B,$D23,DailyDelivery!$C:$C,Y$1)) | Z23: =if(OR($E23="",$D23="",COUNTIFS(DailyDelivery!$A:$A,$E23,DailyDelivery!$B:$B,$D23,DailyDelivery!$C:$C,Z$1)=0),"",COUNTIFS(DailyDelivery!$A:$A,$E23,DailyDelivery!$B:$B,$D23,DailyDelivery!$C:$C,Z$1)) | AA23: =if(OR($E23="",$D23="",COUNTIFS(DailyDelivery!$A:$A,$E23,DailyDelivery!$B:$B,$D23,DailyDelivery!$C:$C,AA$1)=0),"",COUNTIFS(DailyDelivery!$A:$A,$E23,DailyDelivery!$B:$B,$D23,DailyDelivery!$C:$C,AA$1)) | AB23: =if(OR($E23="",$D23="",COUNTIFS(DailyDelivery!$A:$A,$E23,DailyDelivery!$B:$B,$D23,DailyDelivery!$C:$C,AB$1)=0),"",COUNTIFS(DailyDelivery!$A:$A,$E23,DailyDelivery!$B:$B,$D23,DailyDelivery!$C:$C,AB$1)) | ... AH23: =if(OR($E23="",$D23="",COUNTIFS(DailyDelivery!$A:$A,$E23,DailyDelivery!$B:$B,$D23,DailyDelivery!$C:$C,AH$1)=0),"",COUNTIFS(DailyDelivery!$A:$A,$E23,DailyDelivery!$B:$B,$D23,DailyDelivery!$C:$C,AH$1))
F24: =iferror( if(K24="","", if(DATEDIF(K24,Today(),"D")/DATEDIF(K24,O24,"D")>1,1, DATEDIF(K24,Today(),"D")/DATEDIF(K24,O24,"D"))),O24) | G24: =iferror(M24/J24,"") | H24: =IF(G24="","",1-G24) | I24: =iferror(L24/J24,"") | J24: =if(OR($E24="",$D24=""),"",sumifs(All_Stats!F:F,All_Stats!D:D,D24,All_Stats!A:A,E24,All_Stats!B:B,"Overall")) | L24: =if(OR($E24="",$D24=""),"",sumifs(All_Stats!G:G,All_Stats!D:D,D24,All_Stats!A:A,E24,All_Stats!B:B,"Overall")) | M24: =if(OR($E24="",$D24=""),"",sumifs(All_Stats!H:H,All_Stats!D:D,D24,All_Stats!A:A,E24,All_Stats!B:B,"Overall")) | N24: =if(D24="","",J24-M24) | S24: =SUMIFS(All_Stats!K:K,All_Stats!D:D,D24,All_Stats!A:A,E24,All_Stats!B:B,"Overall") -> 0 | T24: =SUMIFS(All_Stats!L:L,All_Stats!D:D,D24,All_Stats!A:A,E24,All_Stats!B:B,"Overall") -> 0 | U24: =if(OR($E24="",$D24="",COUNTIFS(DailyDelivery!$A:$A,$E24,DailyDelivery!$B:$B,$D24,DailyDelivery!$C:$C,U$1)=0),"",COUNTIFS(DailyDelivery!$A:$A,$E24,DailyDelivery!$B:$B,$D24,DailyDelivery!$C:$C,U$1)) | V24: =if(OR($E24="",$D24="",COUNTIFS(DailyDelivery!$A:$A,$E24,DailyDelivery!$B:$B,$D24,DailyDelivery!$C:$C,V$1)=0),"",COUNTIFS(DailyDelivery!$A:$A,$E24,DailyDelivery!$B:$B,$D24,DailyDelivery!$C:$C,V$1)) | W24: =if(OR($E24="",$D24="",COUNTIFS(DailyDelivery!$A:$A,$E24,DailyDelivery!$B:$B,$D24,DailyDelivery!$C:$C,W$1)=0),"",COUNTIFS(DailyDelivery!$A:$A,$E24,DailyDelivery!$B:$B,$D24,DailyDelivery!$C:$C,W$1)) | X24: =if(OR($E24="",$D24="",COUNTIFS(DailyDelivery!$A:$A,$E24,DailyDelivery!$B:$B,$D24,DailyDelivery!$C:$C,X$1)=0),"",COUNTIFS(DailyDelivery!$A:$A,$E24,DailyDelivery!$B:$B,$D24,DailyDelivery!$C:$C,X$1)) | Y24: =if(OR($E24="",$D24="",COUNTIFS(DailyDelivery!$A:$A,$E24,DailyDelivery!$B:$B,$D24,DailyDelivery!$C:$C,Y$1)=0),"",COUNTIFS(DailyDelivery!$A:$A,$E24,DailyDelivery!$B:$B,$D24,DailyDelivery!$C:$C,Y$1)) | Z24: =if(OR($E24="",$D24="",COUNTIFS(DailyDelivery!$A:$A,$E24,DailyDelivery!$B:$B,$D24,DailyDelivery!$C:$C,Z$1)=0),"",COUNTIFS(DailyDelivery!$A:$A,$E24,DailyDelivery!$B:$B,$D24,DailyDelivery!$C:$C,Z$1)) | AA24: =if(OR($E24="",$D24="",COUNTIFS(DailyDelivery!$A:$A,$E24,DailyDelivery!$B:$B,$D24,DailyDelivery!$C:$C,AA$1)=0),"",COUNTIFS(DailyDelivery!$A:$A,$E24,DailyDelivery!$B:$B,$D24,DailyDelivery!$C:$C,AA$1)) | AB24: =if(OR($E24="",$D24="",COUNTIFS(DailyDelivery!$A:$A,$E24,DailyDelivery!$B:$B,$D24,DailyDelivery!$C:$C,AB$1)=0),"",COUNTIFS(DailyDelivery!$A:$A,$E24,DailyDelivery!$B:$B,$D24,DailyDelivery!$C:$C,AB$1)) | ... AH24: =if(OR($E24="",$D24="",COUNTIFS(DailyDelivery!$A:$A,$E24,DailyDelivery!$B:$B,$D24,DailyDelivery!$C:$C,AH$1)=0),"",COUNTIFS(DailyDelivery!$A:$A,$E24,DailyDelivery!$B:$B,$D24,DailyDelivery!$C:$C,AH$1))
F25: =iferror( if(K25="","", if(DATEDIF(K25,Today(),"D")/DATEDIF(K25,O25,"D")>1,1, DATEDIF(K25,Today(),"D")/DATEDIF(K25,O25,"D"))),O25) | G25: =iferror(M25/J25,"") | H25: =IF(G25="","",1-G25) | I25: =iferror(L25/J25,"") | J25: =if(OR($E25="",$D25=""),"",sumifs(All_Stats!F:F,All_Stats!D:D,D25,All_Stats!A:A,E25,All_Stats!B:B,"Overall")) | L25: =if(OR($E25="",$D25=""),"",sumifs(All_Stats!G:G,All_Stats!D:D,D25,All_Stats!A:A,E25,All_Stats!B:B,"Overall")) | M25: =if(OR($E25="",$D25=""),"",sumifs(All_Stats!H:H,All_Stats!D:D,D25,All_Stats!A:A,E25,All_Stats!B:B,"Overall")) | N25: =if(D25="","",J25-M25) | S25: =SUMIFS(All_Stats!K:K,All_Stats!D:D,D25,All_Stats!A:A,E25,All_Stats!B:B,"Overall") -> 0 | T25: =SUMIFS(All_Stats!L:L,All_Stats!D:D,D25,All_Stats!A:A,E25,All_Stats!B:B,"Overall") -> 0 | U25: =if(OR($E25="",$D25="",COUNTIFS(DailyDelivery!$A:$A,$E25,DailyDelivery!$B:$B,$D25,DailyDelivery!$C:$C,U$1)=0),"",COUNTIFS(DailyDelivery!$A:$A,$E25,DailyDelivery!$B:$B,$D25,DailyDelivery!$C:$C,U$1)) | V25: =if(OR($E25="",$D25="",COUNTIFS(DailyDelivery!$A:$A,$E25,DailyDelivery!$B:$B,$D25,DailyDelivery!$C:$C,V$1)=0),"",COUNTIFS(DailyDelivery!$A:$A,$E25,DailyDelivery!$B:$B,$D25,DailyDelivery!$C:$C,V$1)) | W25: =if(OR($E25="",$D25="",COUNTIFS(DailyDelivery!$A:$A,$E25,DailyDelivery!$B:$B,$D25,DailyDelivery!$C:$C,W$1)=0),"",COUNTIFS(DailyDelivery!$A:$A,$E25,DailyDelivery!$B:$B,$D25,DailyDelivery!$C:$C,W$1)) | X25: =if(OR($E25="",$D25="",COUNTIFS(DailyDelivery!$A:$A,$E25,DailyDelivery!$B:$B,$D25,DailyDelivery!$C:$C,X$1)=0),"",COUNTIFS(DailyDelivery!$A:$A,$E25,DailyDelivery!$B:$B,$D25,DailyDelivery!$C:$C,X$1)) | Y25: =if(OR($E25="",$D25="",COUNTIFS(DailyDelivery!$A:$A,$E25,DailyDelivery!$B:$B,$D25,DailyDelivery!$C:$C,Y$1)=0),"",COUNTIFS(DailyDelivery!$A:$A,$E25,DailyDelivery!$B:$B,$D25,DailyDelivery!$C:$C,Y$1)) | Z25: =if(OR($E25="",$D25="",COUNTIFS(DailyDelivery!$A:$A,$E25,DailyDelivery!$B:$B,$D25,DailyDelivery!$C:$C,Z$1)=0),"",COUNTIFS(DailyDelivery!$A:$A,$E25,DailyDelivery!$B:$B,$D25,DailyDelivery!$C:$C,Z$1)) | AA25: =if(OR($E25="",$D25="",COUNTIFS(DailyDelivery!$A:$A,$E25,DailyDelivery!$B:$B,$D25,DailyDelivery!$C:$C,AA$1)=0),"",COUNTIFS(DailyDelivery!$A:$A,$E25,DailyDelivery!$B:$B,$D25,DailyDelivery!$C:$C,AA$1)) | AB25: =if(OR($E25="",$D25="",COUNTIFS(DailyDelivery!$A:$A,$E25,DailyDelivery!$B:$B,$D25,DailyDelivery!$C:$C,AB$1)=0),"",COUNTIFS(DailyDelivery!$A:$A,$E25,DailyDelivery!$B:$B,$D25,DailyDelivery!$C:$C,AB$1)) | ... AH25: =if(OR($E25="",$D25="",COUNTIFS(DailyDelivery!$A:$A,$E25,DailyDelivery!$B:$B,$D25,DailyDelivery!$C:$C,AH$1)=0),"",COUNTIFS(DailyDelivery!$A:$A,$E25,DailyDelivery!$B:$B,$D25,DailyDelivery!$C:$C,AH$1))
F26: =iferror( if(K26="","", if(DATEDIF(K26,Today(),"D")/DATEDIF(K26,O26,"D")>1,1, DATEDIF(K26,Today(),"D")/DATEDIF(K26,O26,"D"))),O26) | G26: =iferror(M26/J26,"") | H26: =IF(G26="","",1-G26) | I26: =iferror(L26/J26,"") | J26: =if(OR($E26="",$D26=""),"",sumifs(All_Stats!F:F,All_Stats!D:D,D26,All_Stats!A:A,E26,All_Stats!B:B,"Overall")) | L26: =if(OR($E26="",$D26=""),"",sumifs(All_Stats!G:G,All_Stats!D:D,D26,All_Stats!A:A,E26,All_Stats!B:B,"Overall")) | M26: =if(OR($E26="",$D26=""),"",sumifs(All_Stats!H:H,All_Stats!D:D,D26,All_Stats!A:A,E26,All_Stats!B:B,"Overall")) | N26: =if(D26="","",J26-M26) | S26: =SUMIFS(All_Stats!K:K,All_Stats!D:D,D26,All_Stats!A:A,E26,All_Stats!B:B,"Overall") -> 0 | T26: =SUMIFS(All_Stats!L:L,All_Stats!D:D,D26,All_Stats!A:A,E26,All_Stats!B:B,"Overall") -> 0 | U26: =if(OR($E26="",$D26="",COUNTIFS(DailyDelivery!$A:$A,$E26,DailyDelivery!$B:$B,$D26,DailyDelivery!$C:$C,U$1)=0),"",COUNTIFS(DailyDelivery!$A:$A,$E26,DailyDelivery!$B:$B,$D26,DailyDelivery!$C:$C,U$1)) | V26: =if(OR($E26="",$D26="",COUNTIFS(DailyDelivery!$A:$A,$E26,DailyDelivery!$B:$B,$D26,DailyDelivery!$C:$C,V$1)=0),"",COUNTIFS(DailyDelivery!$A:$A,$E26,DailyDelivery!$B:$B,$D26,DailyDelivery!$C:$C,V$1)) | W26: =if(OR($E26="",$D26="",COUNTIFS(DailyDelivery!$A:$A,$E26,DailyDelivery!$B:$B,$D26,DailyDelivery!$C:$C,W$1)=0),"",COUNTIFS(DailyDelivery!$A:$A,$E26,DailyDelivery!$B:$B,$D26,DailyDelivery!$C:$C,W$1)) | X26: =if(OR($E26="",$D26="",COUNTIFS(DailyDelivery!$A:$A,$E26,DailyDelivery!$B:$B,$D26,DailyDelivery!$C:$C,X$1)=0),"",COUNTIFS(DailyDelivery!$A:$A,$E26,DailyDelivery!$B:$B,$D26,DailyDelivery!$C:$C,X$1)) | Y26: =if(OR($E26="",$D26="",COUNTIFS(DailyDelivery!$A:$A,$E26,DailyDelivery!$B:$B,$D26,DailyDelivery!$C:$C,Y$1)=0),"",COUNTIFS(DailyDelivery!$A:$A,$E26,DailyDelivery!$B:$B,$D26,DailyDelivery!$C:$C,Y$1)) | Z26: =if(OR($E26="",$D26="",COUNTIFS(DailyDelivery!$A:$A,$E26,DailyDelivery!$B:$B,$D26,DailyDelivery!$C:$C,Z$1)=0),"",COUNTIFS(DailyDelivery!$A:$A,$E26,DailyDelivery!$B:$B,$D26,DailyDelivery!$C:$C,Z$1)) | AA26: =if(OR($E26="",$D26="",COUNTIFS(DailyDelivery!$A:$A,$E26,DailyDelivery!$B:$B,$D26,DailyDelivery!$C:$C,AA$1)=0),"",COUNTIFS(DailyDelivery!$A:$A,$E26,DailyDelivery!$B:$B,$D26,DailyDelivery!$C:$C,AA$1)) | AB26: =if(OR($E26="",$D26="",COUNTIFS(DailyDelivery!$A:$A,$E26,DailyDelivery!$B:$B,$D26,DailyDelivery!$C:$C,AB$1)=0),"",COUNTIFS(DailyDelivery!$A:$A,$E26,DailyDelivery!$B:$B,$D26,DailyDelivery!$C:$C,AB$1)) | ... AH26: =if(OR($E26="",$D26="",COUNTIFS(DailyDelivery!$A:$A,$E26,DailyDelivery!$B:$B,$D26,DailyDelivery!$C:$C,AH$1)=0),"",COUNTIFS(DailyDelivery!$A:$A,$E26,DailyDelivery!$B:$B,$D26,DailyDelivery!$C:$C,AH$1))
F27: =iferror( if(K27="","", if(DATEDIF(K27,Today(),"D")/DATEDIF(K27,O27,"D")>1,1, DATEDIF(K27,Today(),"D")/DATEDIF(K27,O27,"D"))),O27) | G27: =iferror(M27/J27,"") | H27: =IF(G27="","",1-G27) | I27: =iferror(L27/J27,"") | J27: =if(OR($E27="",$D27=""),"",sumifs(All_Stats!F:F,All_Stats!D:D,D27,All_Stats!A:A,E27,All_Stats!B:B,"Overall")) | L27: =if(OR($E27="",$D27=""),"",sumifs(All_Stats!G:G,All_Stats!D:D,D27,All_Stats!A:A,E27,All_Stats!B:B,"Overall")) | M27: =if(OR($E27="",$D27=""),"",sumifs(All_Stats!H:H,All_Stats!D:D,D27,All_Stats!A:A,E27,All_Stats!B:B,"Overall")) | N27: =if(D27="","",J27-M27) | S27: =SUMIFS(All_Stats!K:K,All_Stats!D:D,D27,All_Stats!A:A,E27,All_Stats!B:B,"Overall") -> 0 | T27: =SUMIFS(All_Stats!L:L,All_Stats!D:D,D27,All_Stats!A:A,E27,All_Stats!B:B,"Overall") -> 0 | U27: =if(OR($E27="",$D27="",COUNTIFS(DailyDelivery!$A:$A,$E27,DailyDelivery!$B:$B,$D27,DailyDelivery!$C:$C,U$1)=0),"",COUNTIFS(DailyDelivery!$A:$A,$E27,DailyDelivery!$B:$B,$D27,DailyDelivery!$C:$C,U$1)) | V27: =if(OR($E27="",$D27="",COUNTIFS(DailyDelivery!$A:$A,$E27,DailyDelivery!$B:$B,$D27,DailyDelivery!$C:$C,V$1)=0),"",COUNTIFS(DailyDelivery!$A:$A,$E27,DailyDelivery!$B:$B,$D27,DailyDelivery!$C:$C,V$1)) | W27: =if(OR($E27="",$D27="",COUNTIFS(DailyDelivery!$A:$A,$E27,DailyDelivery!$B:$B,$D27,DailyDelivery!$C:$C,W$1)=0),"",COUNTIFS(DailyDelivery!$A:$A,$E27,DailyDelivery!$B:$B,$D27,DailyDelivery!$C:$C,W$1)) | X27: =if(OR($E27="",$D27="",COUNTIFS(DailyDelivery!$A:$A,$E27,DailyDelivery!$B:$B,$D27,DailyDelivery!$C:$C,X$1)=0),"",COUNTIFS(DailyDelivery!$A:$A,$E27,DailyDelivery!$B:$B,$D27,DailyDelivery!$C:$C,X$1)) | Y27: =if(OR($E27="",$D27="",COUNTIFS(DailyDelivery!$A:$A,$E27,DailyDelivery!$B:$B,$D27,DailyDelivery!$C:$C,Y$1)=0),"",COUNTIFS(DailyDelivery!$A:$A,$E27,DailyDelivery!$B:$B,$D27,DailyDelivery!$C:$C,Y$1)) | Z27: =if(OR($E27="",$D27="",COUNTIFS(DailyDelivery!$A:$A,$E27,DailyDelivery!$B:$B,$D27,DailyDelivery!$C:$C,Z$1)=0),"",COUNTIFS(DailyDelivery!$A:$A,$E27,DailyDelivery!$B:$B,$D27,DailyDelivery!$C:$C,Z$1)) | AA27: =if(OR($E27="",$D27="",COUNTIFS(DailyDelivery!$A:$A,$E27,DailyDelivery!$B:$B,$D27,DailyDelivery!$C:$C,AA$1)=0),"",COUNTIFS(DailyDelivery!$A:$A,$E27,DailyDelivery!$B:$B,$D27,DailyDelivery!$C:$C,AA$1)) | AB27: =if(OR($E27="",$D27="",COUNTIFS(DailyDelivery!$A:$A,$E27,DailyDelivery!$B:$B,$D27,DailyDelivery!$C:$C,AB$1)=0),"",COUNTIFS(DailyDelivery!$A:$A,$E27,DailyDelivery!$B:$B,$D27,DailyDelivery!$C:$C,AB$1)) | ... AH27: =if(OR($E27="",$D27="",COUNTIFS(DailyDelivery!$A:$A,$E27,DailyDelivery!$B:$B,$D27,DailyDelivery!$C:$C,AH$1)=0),"",COUNTIFS(DailyDelivery!$A:$A,$E27,DailyDelivery!$B:$B,$D27,DailyDelivery!$C:$C,AH$1))
F28: =iferror( if(K28="","", if(DATEDIF(K28,Today(),"D")/DATEDIF(K28,O28,"D")>1,1, DATEDIF(K28,Today(),"D")/DATEDIF(K28,O28,"D"))),O28) | G28: =iferror(M28/J28,"") | H28: =IF(G28="","",1-G28) | I28: =iferror(L28/J28,"") | J28: =if(OR($E28="",$D28=""),"",sumifs(All_Stats!F:F,All_Stats!D:D,D28,All_Stats!A:A,E28,All_Stats!B:B,"Overall")) | L28: =if(OR($E28="",$D28=""),"",sumifs(All_Stats!G:G,All_Stats!D:D,D28,All_Stats!A:A,E28,All_Stats!B:B,"Overall")) | M28: =if(OR($E28="",$D28=""),"",sumifs(All_Stats!H:H,All_Stats!D:D,D28,All_Stats!A:A,E28,All_Stats!B:B,"Overall")) | N28: =if(D28="","",J28-M28) | S28: =SUMIFS(All_Stats!K:K,All_Stats!D:D,D28,All_Stats!A:A,E28,All_Stats!B:B,"Overall") -> 0 | T28: =SUMIFS(All_Stats!L:L,All_Stats!D:D,D28,All_Stats!A:A,E28,All_Stats!B:B,"Overall") -> 0 | U28: =if(OR($E28="",$D28="",COUNTIFS(DailyDelivery!$A:$A,$E28,DailyDelivery!$B:$B,$D28,DailyDelivery!$C:$C,U$1)=0),"",COUNTIFS(DailyDelivery!$A:$A,$E28,DailyDelivery!$B:$B,$D28,DailyDelivery!$C:$C,U$1)) | V28: =if(OR($E28="",$D28="",COUNTIFS(DailyDelivery!$A:$A,$E28,DailyDelivery!$B:$B,$D28,DailyDelivery!$C:$C,V$1)=0),"",COUNTIFS(DailyDelivery!$A:$A,$E28,DailyDelivery!$B:$B,$D28,DailyDelivery!$C:$C,V$1)) | W28: =if(OR($E28="",$D28="",COUNTIFS(DailyDelivery!$A:$A,$E28,DailyDelivery!$B:$B,$D28,DailyDelivery!$C:$C,W$1)=0),"",COUNTIFS(DailyDelivery!$A:$A,$E28,DailyDelivery!$B:$B,$D28,DailyDelivery!$C:$C,W$1)) | X28: =if(OR($E28="",$D28="",COUNTIFS(DailyDelivery!$A:$A,$E28,DailyDelivery!$B:$B,$D28,DailyDelivery!$C:$C,X$1)=0),"",COUNTIFS(DailyDelivery!$A:$A,$E28,DailyDelivery!$B:$B,$D28,DailyDelivery!$C:$C,X$1)) | Y28: =if(OR($E28="",$D28="",COUNTIFS(DailyDelivery!$A:$A,$E28,DailyDelivery!$B:$B,$D28,DailyDelivery!$C:$C,Y$1)=0),"",COUNTIFS(DailyDelivery!$A:$A,$E28,DailyDelivery!$B:$B,$D28,DailyDelivery!$C:$C,Y$1)) | Z28: =if(OR($E28="",$D28="",COUNTIFS(DailyDelivery!$A:$A,$E28,DailyDelivery!$B:$B,$D28,DailyDelivery!$C:$C,Z$1)=0),"",COUNTIFS(DailyDelivery!$A:$A,$E28,DailyDelivery!$B:$B,$D28,DailyDelivery!$C:$C,Z$1)) | AA28: =if(OR($E28="",$D28="",COUNTIFS(DailyDelivery!$A:$A,$E28,DailyDelivery!$B:$B,$D28,DailyDelivery!$C:$C,AA$1)=0),"",COUNTIFS(DailyDelivery!$A:$A,$E28,DailyDelivery!$B:$B,$D28,DailyDelivery!$C:$C,AA$1)) | AB28: =if(OR($E28="",$D28="",COUNTIFS(DailyDelivery!$A:$A,$E28,DailyDelivery!$B:$B,$D28,DailyDelivery!$C:$C,AB$1)=0),"",COUNTIFS(DailyDelivery!$A:$A,$E28,DailyDelivery!$B:$B,$D28,DailyDelivery!$C:$C,AB$1)) | ... AH28: =if(OR($E28="",$D28="",COUNTIFS(DailyDelivery!$A:$A,$E28,DailyDelivery!$B:$B,$D28,DailyDelivery!$C:$C,AH$1)=0),"",COUNTIFS(DailyDelivery!$A:$A,$E28,DailyDelivery!$B:$B,$D28,DailyDelivery!$C:$C,AH$1))
F29: =iferror( if(K29="","", if(DATEDIF(K29,Today(),"D")/DATEDIF(K29,O29,"D")>1,1, DATEDIF(K29,Today(),"D")/DATEDIF(K29,O29,"D"))),O29) | G29: =iferror(M29/J29,"") | H29: =IF(G29="","",1-G29) | I29: =iferror(L29/J29,"") | J29: =if(OR($E29="",$D29=""),"",sumifs(All_Stats!F:F,All_Stats!D:D,D29,All_Stats!A:A,E29,All_Stats!B:B,"Overall")) | L29: =if(OR($E29="",$D29=""),"",sumifs(All_Stats!G:G,All_Stats!D:D,D29,All_Stats!A:A,E29,All_Stats!B:B,"Overall")) | M29: =if(OR($E29="",$D29=""),"",sumifs(All_Stats!H:H,All_Stats!D:D,D29,All_Stats!A:A,E29,All_Stats!B:B,"Overall")) | N29: =if(D29="","",J29-M29) | S29: =SUMIFS(All_Stats!K:K,All_Stats!D:D,D29,All_Stats!A:A,E29,All_Stats!B:B,"Overall") -> 0 | T29: =SUMIFS(All_Stats!L:L,All_Stats!D:D,D29,All_Stats!A:A,E29,All_Stats!B:B,"Overall") -> 0 | U29: =if(OR($E29="",$D29="",COUNTIFS(DailyDelivery!$A:$A,$E29,DailyDelivery!$B:$B,$D29,DailyDelivery!$C:$C,U$1)=0),"",COUNTIFS(DailyDelivery!$A:$A,$E29,DailyDelivery!$B:$B,$D29,DailyDelivery!$C:$C,U$1)) | V29: =if(OR($E29="",$D29="",COUNTIFS(DailyDelivery!$A:$A,$E29,DailyDelivery!$B:$B,$D29,DailyDelivery!$C:$C,V$1)=0),"",COUNTIFS(DailyDelivery!$A:$A,$E29,DailyDelivery!$B:$B,$D29,DailyDelivery!$C:$C,V$1)) | W29: =if(OR($E29="",$D29="",COUNTIFS(DailyDelivery!$A:$A,$E29,DailyDelivery!$B:$B,$D29,DailyDelivery!$C:$C,W$1)=0),"",COUNTIFS(DailyDelivery!$A:$A,$E29,DailyDelivery!$B:$B,$D29,DailyDelivery!$C:$C,W$1)) | X29: =if(OR($E29="",$D29="",COUNTIFS(DailyDelivery!$A:$A,$E29,DailyDelivery!$B:$B,$D29,DailyDelivery!$C:$C,X$1)=0),"",COUNTIFS(DailyDelivery!$A:$A,$E29,DailyDelivery!$B:$B,$D29,DailyDelivery!$C:$C,X$1)) | Y29: =if(OR($E29="",$D29="",COUNTIFS(DailyDelivery!$A:$A,$E29,DailyDelivery!$B:$B,$D29,DailyDelivery!$C:$C,Y$1)=0),"",COUNTIFS(DailyDelivery!$A:$A,$E29,DailyDelivery!$B:$B,$D29,DailyDelivery!$C:$C,Y$1)) | Z29: =if(OR($E29="",$D29="",COUNTIFS(DailyDelivery!$A:$A,$E29,DailyDelivery!$B:$B,$D29,DailyDelivery!$C:$C,Z$1)=0),"",COUNTIFS(DailyDelivery!$A:$A,$E29,DailyDelivery!$B:$B,$D29,DailyDelivery!$C:$C,Z$1)) | AA29: =if(OR($E29="",$D29="",COUNTIFS(DailyDelivery!$A:$A,$E29,DailyDelivery!$B:$B,$D29,DailyDelivery!$C:$C,AA$1)=0),"",COUNTIFS(DailyDelivery!$A:$A,$E29,DailyDelivery!$B:$B,$D29,DailyDelivery!$C:$C,AA$1)) | AB29: =if(OR($E29="",$D29="",COUNTIFS(DailyDelivery!$A:$A,$E29,DailyDelivery!$B:$B,$D29,DailyDelivery!$C:$C,AB$1)=0),"",COUNTIFS(DailyDelivery!$A:$A,$E29,DailyDelivery!$B:$B,$D29,DailyDelivery!$C:$C,AB$1)) | ... AH29: =if(OR($E29="",$D29="",COUNTIFS(DailyDelivery!$A:$A,$E29,DailyDelivery!$B:$B,$D29,DailyDelivery!$C:$C,AH$1)=0),"",COUNTIFS(DailyDelivery!$A:$A,$E29,DailyDelivery!$B:$B,$D29,DailyDelivery!$C:$C,AH$1))
F30: =iferror( if(K30="","", if(DATEDIF(K30,Today(),"D")/DATEDIF(K30,O30,"D")>1,1, DATEDIF(K30,Today(),"D")/DATEDIF(K30,O30,"D"))),O30) | G30: =iferror(M30/J30,"") | H30: =IF(G30="","",1-G30) | I30: =iferror(L30/J30,"") | J30: =if(OR($E30="",$D30=""),"",sumifs(All_Stats!F:F,All_Stats!D:D,D30,All_Stats!A:A,E30,All_Stats!B:B,"Overall")) | L30: =if(OR($E30="",$D30=""),"",sumifs(All_Stats!G:G,All_Stats!D:D,D30,All_Stats!A:A,E30,All_Stats!B:B,"Overall")) | M30: =if(OR($E30="",$D30=""),"",sumifs(All_Stats!H:H,All_Stats!D:D,D30,All_Stats!A:A,E30,All_Stats!B:B,"Overall")) | N30: =if(D30="","",J30-M30) | S30: =SUMIFS(All_Stats!K:K,All_Stats!D:D,D30,All_Stats!A:A,E30,All_Stats!B:B,"Overall") -> 0 | T30: =SUMIFS(All_Stats!L:L,All_Stats!D:D,D30,All_Stats!A:A,E30,All_Stats!B:B,"Overall") -> 0 | U30: =if(OR($E30="",$D30="",COUNTIFS(DailyDelivery!$A:$A,$E30,DailyDelivery!$B:$B,$D30,DailyDelivery!$C:$C,U$1)=0),"",COUNTIFS(DailyDelivery!$A:$A,$E30,DailyDelivery!$B:$B,$D30,DailyDelivery!$C:$C,U$1)) | V30: =if(OR($E30="",$D30="",COUNTIFS(DailyDelivery!$A:$A,$E30,DailyDelivery!$B:$B,$D30,DailyDelivery!$C:$C,V$1)=0),"",COUNTIFS(DailyDelivery!$A:$A,$E30,DailyDelivery!$B:$B,$D30,DailyDelivery!$C:$C,V$1)) | W30: =if(OR($E30="",$D30="",COUNTIFS(DailyDelivery!$A:$A,$E30,DailyDelivery!$B:$B,$D30,DailyDelivery!$C:$C,W$1)=0),"",COUNTIFS(DailyDelivery!$A:$A,$E30,DailyDelivery!$B:$B,$D30,DailyDelivery!$C:$C,W$1)) | X30: =if(OR($E30="",$D30="",COUNTIFS(DailyDelivery!$A:$A,$E30,DailyDelivery!$B:$B,$D30,DailyDelivery!$C:$C,X$1)=0),"",COUNTIFS(DailyDelivery!$A:$A,$E30,DailyDelivery!$B:$B,$D30,DailyDelivery!$C:$C,X$1)) | Y30: =if(OR($E30="",$D30="",COUNTIFS(DailyDelivery!$A:$A,$E30,DailyDelivery!$B:$B,$D30,DailyDelivery!$C:$C,Y$1)=0),"",COUNTIFS(DailyDelivery!$A:$A,$E30,DailyDelivery!$B:$B,$D30,DailyDelivery!$C:$C,Y$1)) | Z30: =if(OR($E30="",$D30="",COUNTIFS(DailyDelivery!$A:$A,$E30,DailyDelivery!$B:$B,$D30,DailyDelivery!$C:$C,Z$1)=0),"",COUNTIFS(DailyDelivery!$A:$A,$E30,DailyDelivery!$B:$B,$D30,DailyDelivery!$C:$C,Z$1)) | AA30: =if(OR($E30="",$D30="",COUNTIFS(DailyDelivery!$A:$A,$E30,DailyDelivery!$B:$B,$D30,DailyDelivery!$C:$C,AA$1)=0),"",COUNTIFS(DailyDelivery!$A:$A,$E30,DailyDelivery!$B:$B,$D30,DailyDelivery!$C:$C,AA$1)) | AB30: =if(OR($E30="",$D30="",COUNTIFS(DailyDelivery!$A:$A,$E30,DailyDelivery!$B:$B,$D30,DailyDelivery!$C:$C,AB$1)=0),"",COUNTIFS(DailyDelivery!$A:$A,$E30,DailyDelivery!$B:$B,$D30,DailyDelivery!$C:$C,AB$1)) | ... AH30: =if(OR($E30="",$D30="",COUNTIFS(DailyDelivery!$A:$A,$E30,DailyDelivery!$B:$B,$D30,DailyDelivery!$C:$C,AH$1)=0),"",COUNTIFS(DailyDelivery!$A:$A,$E30,DailyDelivery!$B:$B,$D30,DailyDelivery!$C:$C,AH$1))
F31: =iferror( if(K31="","", if(DATEDIF(K31,Today(),"D")/DATEDIF(K31,O31,"D")>1,1, DATEDIF(K31,Today(),"D")/DATEDIF(K31,O31,"D"))),O31) | G31: =iferror(M31/J31,"") | H31: =IF(G31="","",1-G31) | I31: =iferror(L31/J31,"") | J31: =if(OR($E31="",$D31=""),"",sumifs(All_Stats!F:F,All_Stats!D:D,D31,All_Stats!A:A,E31,All_Stats!B:B,"Overall")) | L31: =if(OR($E31="",$D31=""),"",sumifs(All_Stats!G:G,All_Stats!D:D,D31,All_Stats!A:A,E31,All_Stats!B:B,"Overall")) | M31: =if(OR($E31="",$D31=""),"",sumifs(All_Stats!H:H,All_Stats!D:D,D31,All_Stats!A:A,E31,All_Stats!B:B,"Overall")) | N31: =if(D31="","",J31-M31) | S31: =SUMIFS(All_Stats!K:K,All_Stats!D:D,D31,All_Stats!A:A,E31,All_Stats!B:B,"Overall") -> 0 | T31: =SUMIFS(All_Stats!L:L,All_Stats!D:D,D31,All_Stats!A:A,E31,All_Stats!B:B,"Overall") -> 0 | U31: =if(OR($E31="",$D31="",COUNTIFS(DailyDelivery!$A:$A,$E31,DailyDelivery!$B:$B,$D31,DailyDelivery!$C:$C,U$1)=0),"",COUNTIFS(DailyDelivery!$A:$A,$E31,DailyDelivery!$B:$B,$D31,DailyDelivery!$C:$C,U$1)) | V31: =if(OR($E31="",$D31="",COUNTIFS(DailyDelivery!$A:$A,$E31,DailyDelivery!$B:$B,$D31,DailyDelivery!$C:$C,V$1)=0),"",COUNTIFS(DailyDelivery!$A:$A,$E31,DailyDelivery!$B:$B,$D31,DailyDelivery!$C:$C,V$1)) | W31: =if(OR($E31="",$D31="",COUNTIFS(DailyDelivery!$A:$A,$E31,DailyDelivery!$B:$B,$D31,DailyDelivery!$C:$C,W$1)=0),"",COUNTIFS(DailyDelivery!$A:$A,$E31,DailyDelivery!$B:$B,$D31,DailyDelivery!$C:$C,W$1)) | X31: =if(OR($E31="",$D31="",COUNTIFS(DailyDelivery!$A:$A,$E31,DailyDelivery!$B:$B,$D31,DailyDelivery!$C:$C,X$1)=0),"",COUNTIFS(DailyDelivery!$A:$A,$E31,DailyDelivery!$B:$B,$D31,DailyDelivery!$C:$C,X$1)) | Y31: =if(OR($E31="",$D31="",COUNTIFS(DailyDelivery!$A:$A,$E31,DailyDelivery!$B:$B,$D31,DailyDelivery!$C:$C,Y$1)=0),"",COUNTIFS(DailyDelivery!$A:$A,$E31,DailyDelivery!$B:$B,$D31,DailyDelivery!$C:$C,Y$1)) | Z31: =if(OR($E31="",$D31="",COUNTIFS(DailyDelivery!$A:$A,$E31,DailyDelivery!$B:$B,$D31,DailyDelivery!$C:$C,Z$1)=0),"",COUNTIFS(DailyDelivery!$A:$A,$E31,DailyDelivery!$B:$B,$D31,DailyDelivery!$C:$C,Z$1)) | AA31: =if(OR($E31="",$D31="",COUNTIFS(DailyDelivery!$A:$A,$E31,DailyDelivery!$B:$B,$D31,DailyDelivery!$C:$C,AA$1)=0),"",COUNTIFS(DailyDelivery!$A:$A,$E31,DailyDelivery!$B:$B,$D31,DailyDelivery!$C:$C,AA$1)) | AB31: =if(OR($E31="",$D31="",COUNTIFS(DailyDelivery!$A:$A,$E31,DailyDelivery!$B:$B,$D31,DailyDelivery!$C:$C,AB$1)=0),"",COUNTIFS(DailyDelivery!$A:$A,$E31,DailyDelivery!$B:$B,$D31,DailyDelivery!$C:$C,AB$1)) | ... AH31: =if(OR($E31="",$D31="",COUNTIFS(DailyDelivery!$A:$A,$E31,DailyDelivery!$B:$B,$D31,DailyDelivery!$C:$C,AH$1)=0),"",COUNTIFS(DailyDelivery!$A:$A,$E31,DailyDelivery!$B:$B,$D31,DailyDelivery!$C:$C,AH$1))
F32: =iferror( if(K32="","", if(DATEDIF(K32,Today(),"D")/DATEDIF(K32,O32,"D")>1,1, DATEDIF(K32,Today(),"D")/DATEDIF(K32,O32,"D"))),O32) | G32: =iferror(M32/J32,"") | H32: =IF(G32="","",1-G32) | I32: =iferror(L32/J32,"") | J32: =if(OR($E32="",$D32=""),"",sumifs(All_Stats!F:F,All_Stats!D:D,D32,All_Stats!A:A,E32,All_Stats!B:B,"Overall")) | L32: =if(OR($E32="",$D32=""),"",sumifs(All_Stats!G:G,All_Stats!D:D,D32,All_Stats!A:A,E32,All_Stats!B:B,"Overall")) | M32: =if(OR($E32="",$D32=""),"",sumifs(All_Stats!H:H,All_Stats!D:D,D32,All_Stats!A:A,E32,All_Stats!B:B,"Overall")) | N32: =if(D32="","",J32-M32) | S32: =SUMIFS(All_Stats!K:K,All_Stats!D:D,D32,All_Stats!A:A,E32,All_Stats!B:B,"Overall") -> 0 | T32: =SUMIFS(All_Stats!L:L,All_Stats!D:D,D32,All_Stats!A:A,E32,All_Stats!B:B,"Overall") -> 0 | U32: =if(OR($E32="",$D32="",COUNTIFS(DailyDelivery!$A:$A,$E32,DailyDelivery!$B:$B,$D32,DailyDelivery!$C:$C,U$1)=0),"",COUNTIFS(DailyDelivery!$A:$A,$E32,DailyDelivery!$B:$B,$D32,DailyDelivery!$C:$C,U$1)) | V32: =if(OR($E32="",$D32="",COUNTIFS(DailyDelivery!$A:$A,$E32,DailyDelivery!$B:$B,$D32,DailyDelivery!$C:$C,V$1)=0),"",COUNTIFS(DailyDelivery!$A:$A,$E32,DailyDelivery!$B:$B,$D32,DailyDelivery!$C:$C,V$1)) | W32: =if(OR($E32="",$D32="",COUNTIFS(DailyDelivery!$A:$A,$E32,DailyDelivery!$B:$B,$D32,DailyDelivery!$C:$C,W$1)=0),"",COUNTIFS(DailyDelivery!$A:$A,$E32,DailyDelivery!$B:$B,$D32,DailyDelivery!$C:$C,W$1)) | X32: =if(OR($E32="",$D32="",COUNTIFS(DailyDelivery!$A:$A,$E32,DailyDelivery!$B:$B,$D32,DailyDelivery!$C:$C,X$1)=0),"",COUNTIFS(DailyDelivery!$A:$A,$E32,DailyDelivery!$B:$B,$D32,DailyDelivery!$C:$C,X$1)) | Y32: =if(OR($E32="",$D32="",COUNTIFS(DailyDelivery!$A:$A,$E32,DailyDelivery!$B:$B,$D32,DailyDelivery!$C:$C,Y$1)=0),"",COUNTIFS(DailyDelivery!$A:$A,$E32,DailyDelivery!$B:$B,$D32,DailyDelivery!$C:$C,Y$1)) | Z32: =if(OR($E32="",$D32="",COUNTIFS(DailyDelivery!$A:$A,$E32,DailyDelivery!$B:$B,$D32,DailyDelivery!$C:$C,Z$1)=0),"",COUNTIFS(DailyDelivery!$A:$A,$E32,DailyDelivery!$B:$B,$D32,DailyDelivery!$C:$C,Z$1)) | AA32: =if(OR($E32="",$D32="",COUNTIFS(DailyDelivery!$A:$A,$E32,DailyDelivery!$B:$B,$D32,DailyDelivery!$C:$C,AA$1)=0),"",COUNTIFS(DailyDelivery!$A:$A,$E32,DailyDelivery!$B:$B,$D32,DailyDelivery!$C:$C,AA$1)) | AB32: =if(OR($E32="",$D32="",COUNTIFS(DailyDelivery!$A:$A,$E32,DailyDelivery!$B:$B,$D32,DailyDelivery!$C:$C,AB$1)=0),"",COUNTIFS(DailyDelivery!$A:$A,$E32,DailyDelivery!$B:$B,$D32,DailyDelivery!$C:$C,AB$1)) | ... AH32: =if(OR($E32="",$D32="",COUNTIFS(DailyDelivery!$A:$A,$E32,DailyDelivery!$B:$B,$D32,DailyDelivery!$C:$C,AH$1)=0),"",COUNTIFS(DailyDelivery!$A:$A,$E32,DailyDelivery!$B:$B,$D32,DailyDelivery!$C:$C,AH$1))
... F129: =iferror( if(K129="","", if(DATEDIF(K129,Today(),"D")/DATEDIF(K129,O129,"D")>1,1, DATEDIF(K129,Today(),"D")/DATEDIF(K129,O129,"D"))),O129) | G129: =iferror(M129/J129,"") | H129: =IF(G129="","",1-G129) | I129: =iferror(L129/J129,"") | J129: =if(OR($E129="",$D129=""),"",sumifs(All_Stats!F:F,All_Stats!D:D,D129,All_Stats!A:A,E129,All_Stats!B:B,"Overall")) | L129: =if(OR($E129="",$D129=""),"",sumifs(All_Stats!G:G,All_Stats!D:D,D129,All_Stats!A:A,E129,All_Stats!B:B,"Overall")) | M129: =if(OR($E129="",$D129=""),"",sumifs(All_Stats!H:H,All_Stats!D:D,D129,All_Stats!A:A,E129,All_Stats!B:B,"Overall")) | N129: =if(D129="","",J129-M129) | S129: =SUMIFS(All_Stats!K:K,All_Stats!D:D,D129,All_Stats!A:A,E129,All_Stats!B:B,"Overall") -> 0 | T129: =SUMIFS(All_Stats!L:L,All_Stats!D:D,D129,All_Stats!A:A,E129,All_Stats!B:B,"Overall") -> 0 | U129: =if(OR($E129="",$D129="",COUNTIFS(DailyDelivery!$A:$A,$E129,DailyDelivery!$B:$B,$D129,DailyDelivery!$C:$C,U$1)=0),"",COUNTIFS(DailyDelivery!$A:$A,$E129,DailyDelivery!$B:$B,$D129,DailyDelivery!$C:$C,U$1)) | V129: =if(OR($E129="",$D129="",COUNTIFS(DailyDelivery!$A:$A,$E129,DailyDelivery!$B:$B,$D129,DailyDelivery!$C:$C,V$1)=0),"",COUNTIFS(DailyDelivery!$A:$A,$E129,DailyDelivery!$B:$B,$D129,DailyDelivery!$C:$C,V$1)) | W129: =if(OR($E129="",$D129="",COUNTIFS(DailyDelivery!$A:$A,$E129,DailyDelivery!$B:$B,$D129,DailyDelivery!$C:$C,W$1)=0),"",COUNTIFS(DailyDelivery!$A:$A,$E129,DailyDelivery!$B:$B,$D129,DailyDelivery!$C:$C,W$1)) | X129: =if(OR($E129="",$D129="",COUNTIFS(DailyDelivery!$A:$A,$E129,DailyDelivery!$B:$B,$D129,DailyDelivery!$C:$C,X$1)=0),"",COUNTIFS(DailyDelivery!$A:$A,$E129,DailyDelivery!$B:$B,$D129,DailyDelivery!$C:$C,X$1)) | Y129: =if(OR($E129="",$D129="",COUNTIFS(DailyDelivery!$A:$A,$E129,DailyDelivery!$B:$B,$D129,DailyDelivery!$C:$C,Y$1)=0),"",COUNTIFS(DailyDelivery!$A:$A,$E129,DailyDelivery!$B:$B,$D129,DailyDelivery!$C:$C,Y$1)) | Z129: =if(OR($E129="",$D129="",COUNTIFS(DailyDelivery!$A:$A,$E129,DailyDelivery!$B:$B,$D129,DailyDelivery!$C:$C,Z$1)=0),"",COUNTIFS(DailyDelivery!$A:$A,$E129,DailyDelivery!$B:$B,$D129,DailyDelivery!$C:$C,Z$1)) | AA129: =if(OR($E129="",$D129="",COUNTIFS(DailyDelivery!$A:$A,$E129,DailyDelivery!$B:$B,$D129,DailyDelivery!$C:$C,AA$1)=0),"",COUNTIFS(DailyDelivery!$A:$A,$E129,DailyDelivery!$B:$B,$D129,DailyDelivery!$C:$C,AA$1)) | AB129: =if(OR($E129="",$D129="",COUNTIFS(DailyDelivery!$A:$A,$E129,DailyDelivery!$B:$B,$D129,DailyDelivery!$C:$C,AB$1)=0),"",COUNTIFS(DailyDelivery!$A:$A,$E129,DailyDelivery!$B:$B,$D129,DailyDelivery!$C:$C,AB$1)) | ... AH129: =if(OR($E129="",$D129="",COUNTIFS(DailyDelivery!$A:$A,$E129,DailyDelivery!$B:$B,$D129,DailyDelivery!$C:$C,AH$1)=0),"",COUNTIFS(DailyDelivery!$A:$A,$E129,DailyDelivery!$B:$B,$D129,DailyDelivery!$C:$C,AH$1))

Sheet Campaign Tracking
A1: Client | B1: Cid | C1: Master ID | D1: DPO Goal | E1: Delivered | F1: Accepted | G1: Rejected | H1: Pending | I1: Returned | J1: Left | K1: Status | L1: Start Date | M1: Deadline | N1: Comment | O1: % Time passed | P1: % Accepted | Q1: % Rejected | R1: % Delivered | S1: Pacing | T1: Campaign Type | U1: Assigned | V1: # vendors | W1: Unallocated | X1: Assigned date | Y1: Responsible CC | Z1: Responsible LD
D2: =TODAY() -> 46115 | R2: Pre treshold> | S2: 0.2
A3: APPOINTMENT SETTING
A4: Client 1 | B4: DC58772 | C4: 1KaslyGrfE4S1Y6aynBUg0w-_BO-XAkxNmxXbd_BBqT8 | D4: 5000 | E4: =SUMIFS(All_Stats!G:G,All_Stats!$A:$A,$B4,All_Stats!$B:$B,"Overall",All_Stats!$D:$D,"Total") -> 3112 | F4: =SUMIFS(All_Stats!H:H,All_Stats!$A:$A,$B4,All_Stats!$B:$B,"Overall",All_Stats!$D:$D,"Total") -> 1651 | G4: =SUMIFS(All_Stats!I:I,All_Stats!$A:$A,$B4,All_Stats!$B:$B,"Overall",All_Stats!$D:$D,"Total") -> 1330 | H4: =SUMIFS(All_Stats!K:K,All_Stats!$A:$A,$B4,All_Stats!$B:$B,"Overall",All_Stats!$D:$D,"Total") -> 75 | I4: =SUMIFS(All_Stats!J:J,All_Stats!$A:$A,$B4,All_Stats!$B:$B,"Overall",All_Stats!$D:$D,"Total") -> 56 | J4: =D4-F4 -> 3349 | K4: Live | L4: 45302 | M4: 45369 | N4: T1 | O4: =(_xlfn.NETWORKDAYS.INTL(L4,D$2)-1)/_xlfn.NETWORKDAYS.INTL(L4,M4) -> 12.104167 | P4: =F4/D4 -> 0.3302 | Q4: =G4/E4 -> 0.42737789 | R4: =E4/D4 -> 0.6224 | S4: =iferror(ifs( K4="Closed","Closed", K4="Paused","Paused", UPPER(X4)="N/A","PRE", X4="","N/A", (_xlfn.NETWORKDAYS.INTL(X4,D$2)-1)/_xlfn.NETWORKDAYS.INTL(X4,M4)<S$2,"PRE", F4=0,"Underpacing", O4-(F4+H4*(G4/(G4+F4)))/D4>0.2,"Underpacing", O4-(F4+H4*(G4/(G4+F4)))/D4<=0.2,"On track") ,"N/A") -> Underpacing | T4: Appointment Setting | U4: YES | V4: =COUNTIFS('Delivery Tracking'!E:E,B4) -> 1 | W4: =SUMIFS(All_Stats!N:N,All_Stats!$A:$A,$B4,All_Stats!$B:$B,"Overall",All_Stats!$D:$D,"Total") -> -645 | X4: 44944 | Y4: Name Surname | Z4: Name Surname
A5: Client 2 | B5: DA59765 | D5: 20 | E5: =SUMIFS(All_Stats!G:G,All_Stats!$A:$A,$B5,All_Stats!$B:$B,"Overall",All_Stats!$D:$D,"Total") -> 0 | F5: =SUMIFS(All_Stats!H:H,All_Stats!$A:$A,$B5,All_Stats!$B:$B,"Overall",All_Stats!$D:$D,"Total") -> 0 | G5: =SUMIFS(All_Stats!I:I,All_Stats!$A:$A,$B5,All_Stats!$B:$B,"Overall",All_Stats!$D:$D,"Total") -> 0 | H5: =SUMIFS(All_Stats!K:K,All_Stats!$A:$A,$B5,All_Stats!$B:$B,"Overall",All_Stats!$D:$D,"Total") -> 0 | I5: =SUMIFS(All_Stats!J:J,All_Stats!$A:$A,$B5,All_Stats!$B:$B,"Overall",All_Stats!$D:$D,"Total") -> 0 | J5: =D5-F5 -> 20 | K5: Pre | N5: no req | S5: Pre | T5: Appointment Setting | U5: YES | V5: =COUNTIFS('Delivery Tracking'!E:E,B5) -> 1 | W5: =SUMIFS(All_Stats!N:N,All_Stats!$A:$A,$B5,All_Stats!$B:$B,"Overall",All_Stats!$D:$D,"Total") -> 0 | X5: 45362 | Y5: Name Surname | Z5: Name Surname
A6: DPO PLATFORM - statuses upd 3/4
A7: Client 3 | B7: DC59555 | D7: 125 | E7: =SUMIFS(All_Stats!G:G,All_Stats!$A:$A,$B7,All_Stats!$B:$B,"Overall",All_Stats!$D:$D,"Total") -> 0 | F7: 12 | G7: =SUMIFS(All_Stats!I:I,All_Stats!$A:$A,$B7,All_Stats!$B:$B,"Overall",All_Stats!$D:$D,"Total") -> 0 | H7: 43 | I7: =SUMIFS(All_Stats!J:J,All_Stats!$A:$A,$B7,All_Stats!$B:$B,"Overall",All_Stats!$D:$D,"Total") -> 0 | J7: =D7-F7 -> 113 | K7: Live | L7: 45341 | M7: 45362 | N7: T1, V2, ddl 3/15, cq instead of NAC-2/27, feedback 2/29, slow CC | S7: =iferror(ifs( K7="Closed","Closed", K7="Paused","Paused", UPPER(X7)="N/A","PRE", X7="","N/A", (_xlfn.NETWORKDAYS.INTL(X7,D$2)-1)/_xlfn.NETWORKDAYS.INTL(X7,M7)<S$2,"PRE", F7=0,"Underpacing", O7-(F7+H7*(G7/(G7+F7)))/D7>0.2,"Underpacing", O7-(F7+H7*(G7/(G7+F7)))/D7<=0.2,"On track") ,"N/A") -> On track | T7: Custom Questions | U7: YES | V7: =COUNTIFS('Delivery Tracking'!E:E,B7) -> 1 | W7: =SUMIFS(All_Stats!N:N,All_Stats!$A:$A,$B7,All_Stats!$B:$B,"Overall",All_Stats!$D:$D,"Total") -> 0 | X7: 45341 | Y7: Name Surname | Z7: Name Surname
A8: Client 3 | B8: DC59572 | D8: 106 | E8: =SUMIFS(All_Stats!G:G,All_Stats!$A:$A,$B8,All_Stats!$B:$B,"Overall",All_Stats!$D:$D,"Total") -> 0 | F8: 12 | G8: =SUMIFS(All_Stats!I:I,All_Stats!$A:$A,$B8,All_Stats!$B:$B,"Overall",All_Stats!$D:$D,"Total") -> 0 | H8: 17 | I8: =SUMIFS(All_Stats!J:J,All_Stats!$A:$A,$B8,All_Stats!$B:$B,"Overall",All_Stats!$D:$D,"Total") -> 0 | J8: =D8-F8 -> 94 | K8: Live | L8: 45345 | M8: 45362 | N8: T1, V4, nac doesn't match geo DDL 3/15 | S8: =iferror(ifs( K8="Closed","Closed", K8="Paused","Paused", UPPER(X8)="N/A","PRE", X8="","N/A", (_xlfn.NETWORKDAYS.INTL(X8,D$2)-1)/_xlfn.NETWORKDAYS.INTL(X8,M8)<S$2,"PRE", F8=0,"Underpacing", O8-(F8+H8*(G8/(G8+F8)))/D8>0.2,"Underpacing", O8-(F8+H8*(G8/(G8+F8)))/D8<=0.2,"On track") ,"N/A") -> On track | T8: MQL | U8: YES | V8: =COUNTIFS('Delivery Tracking'!E:E,B8) -> 1 | W8: =SUMIFS(All_Stats!N:N,All_Stats!$A:$A,$B8,All_Stats!$B:$B,"Overall",All_Stats!$D:$D,"Total") -> 0 | X8: 45345 | Y8: Name Surname | Z8: Name Surname
A9: Client 4 | B9: XU59178 | D9: 20 | E9: =SUMIFS(All_Stats!G:G,All_Stats!$A:$A,$B9,All_Stats!$B:$B,"Overall",All_Stats!$D:$D,"Total") -> 0 | F9: 15 | G9: =SUMIFS(All_Stats!I:I,All_Stats!$A:$A,$B9,All_Stats!$B:$B,"Overall",All_Stats!$D:$D,"Total") -> 0 | H9: =SUMIFS(All_Stats!J:J,All_Stats!$A:$A,$B9,All_Stats!$B:$B,"Overall",All_Stats!$D:$D,"Total") -> 0 | I9: =SUMIFS(All_Stats!J:J,All_Stats!$A:$A,$B9,All_Stats!$B:$B,"Overall",All_Stats!$D:$D,"Total") -> 0 | J9: =D9-F9 -> 5 | K9: Live | L9: 45321 | M9: 45363 | N9: T1, small nac+Dir; contacts sent 3/6, awaiting NAC | S9: =iferror(ifs( K9="Closed","Closed", K9="Paused","Paused", UPPER(X9)="N/A","PRE", X9="","N/A", (_xlfn.NETWORKDAYS.INTL(X9,D$2)-1)/_xlfn.NETWORKDAYS.INTL(X9,M9)<S$2,"PRE", F9=0,"Underpacing", O9-(F9+H9*(G9/(G9+F9)))/D9>0.2,"Underpacing", O9-(F9+H9*(G9/(G9+F9)))/D9<=0.2,"On track") ,"N/A") -> On track | T9: CALL Back | U9: YES | V9: =COUNTIFS('Delivery Tracking'!E:E,B9) -> 1 | W9: =SUMIFS(All_Stats!N:N,All_Stats!$A:$A,$B9,All_Stats!$B:$B,"Overall",All_Stats!$D:$D,"Total") -> 0 | X9: 45322 | Y9: Name Surname | Z9: Name Surname
A10: Client 4 | B10: MS15758 | D10: 183 | E10: =SUMIFS(All_Stats!G:G,All_Stats!$A:$A,$B10,All_Stats!$B:$B,"Overall",All_Stats!$D:$D,"Total") -> 0 | F10: 57 | G10: =SUMIFS(All_Stats!I:I,All_Stats!$A:$A,$B10,All_Stats!$B:$B,"Overall",All_Stats!$D:$D,"Total") -> 0 | H10: 107 | I10: =SUMIFS(All_Stats!J:J,All_Stats!$A:$A,$B10,All_Stats!$B:$B,"Overall",All_Stats!$D:$D,"Total") -> 0 | J10: =D10-F10 -> 126 | K10: Live | L10: 45327 | M10: 45363 | N10: V36, live in M, cc upd | S10: =iferror(ifs( K10="Closed","Closed", K10="Paused","Paused", UPPER(X10)="N/A","PRE", X10="","N/A", (_xlfn.NETWORKDAYS.INTL(X10,D$2)-1)/_xlfn.NETWORKDAYS.INTL(X10,M10)<S$2,"PRE", F10=0,"Underpacing", O10-(F10+H10*(G10/(G10+F10)))/D10>0.2,"Underpacing", O10-(F10+H10*(G10/(G10+F10)))/D10<=0.2,"On track") ,"N/A") -> On track | T10: Email Marketing | U10: YES | V10: =COUNTIFS('Delivery Tracking'!E:E,B10) -> 0 | W10: =SUMIFS(All_Stats!N:N,All_Stats!$A:$A,$B10,All_Stats!$B:$B,"Overall",All_Stats!$D:$D,"Total") -> 0 | X10: 45327 | Y10: Name Surname | Z10: Name Surname
